#pragma once
#include <pgmspace.h>

static const uint32_t STL_SIZE = 24084;

static const uint8_t STL_DATA[] PROGMEM = {
  0x43, 0x4F, 0x4C, 0x4F, 0x52, 0x3D, 0x7F, 0x7F, 0x7F, 0x20, 0x4D, 0x41, 0x54, 0x45, 0x52, 0x49,
  0x41, 0x4C, 0x3D, 0x7F, 0x7F, 0x7F, 0x20, 0x7F, 0x7F, 0x7F, 0x20, 0x7F, 0x7F, 0x7F, 0x20, 0x20,
  0x20, 0x20, 0x20, 0x20, 0x20, 0x20, 0x20, 0x20, 0x20, 0x20, 0x20, 0x20, 0x20, 0x20, 0x20, 0x20,
  0x20, 0x20, 0x20, 0x20, 0x20, 0x20, 0x20, 0x20, 0x20, 0x20, 0x20, 0x20, 0x20, 0x20, 0x20, 0x20,
  0x20, 0x20, 0x20, 0x20, 0x20, 0x20, 0x20, 0x20, 0x20, 0x20, 0x20, 0x20, 0x20, 0x20, 0x20, 0x20,
  0xE0, 0x01, 0x00, 0x00, 0xB3, 0x41, 0x96, 0x3B, 0x0F, 0xFF, 0x7F, 0xBF, 0x05, 0xD9, 0x35, 0xBB,
  0x33, 0x33, 0x32, 0x43, 0xC5, 0x59, 0xB4, 0x42, 0xFC, 0x02, 0x69, 0x42, 0x00, 0x00, 0x48, 0x43,
  0xA8, 0x8F, 0xB4, 0x42, 0xA9, 0x65, 0x61, 0x42, 0x3A, 0xAB, 0x47, 0x43, 0xB9, 0x1E, 0xB4, 0x42,
  0x2B, 0x4B, 0x07, 0x43, 0x00, 0x00, 0x28, 0x0B, 0x9B, 0x3B, 0x02, 0xFF, 0x7F, 0xBF, 0xFE, 0x83,
  0x38, 0xBB, 0x3A, 0xAB, 0x47, 0x43, 0xB9, 0x1E, 0xB4, 0x42, 0x2B, 0x4B, 0x07, 0x43, 0x0F, 0x00,
  0xF0, 0x42, 0x6E, 0xB5, 0xB2, 0x42, 0x91, 0x08, 0x7C, 0x43, 0x33, 0x33, 0x32, 0x43, 0xC5, 0x59,
  0xB4, 0x42, 0xFC, 0x02, 0x69, 0x42, 0x00, 0x00, 0x97, 0x33, 0x27, 0x3C, 0x8F, 0xFC, 0x7F, 0xBF,
  0x2A, 0x39, 0x71, 0x3A, 0x0D, 0x31, 0x47, 0x43, 0x10, 0x46, 0xB4, 0x42, 0x25, 0x16, 0x60, 0x43,
  0x0F, 0x00, 0xF0, 0x42, 0x6E, 0xB5, 0xB2, 0x42, 0x91, 0x08, 0x7C, 0x43, 0x3A, 0xAB, 0x47, 0x43,
  0xB9, 0x1E, 0xB4, 0x42, 0x2B, 0x4B, 0x07, 0x43, 0x00, 0x00, 0xEF, 0x72, 0x9D, 0x30, 0xD3, 0xBC,
  0x7F, 0xBF, 0x59, 0x68, 0x39, 0x3D, 0xF9, 0xFF, 0x9F, 0x42, 0xE8, 0x31, 0xB4, 0x42, 0xA6, 0x7F,
  0x91, 0x42, 0x47, 0xFC, 0x86, 0x34, 0x6E, 0xB5, 0xB2, 0x42, 0xAA, 0x65, 0x61, 0x42, 0x00, 0x00,
  0xA0, 0x42, 0x6E, 0xB5, 0xB2, 0x42, 0xAA, 0x65, 0x61, 0x42, 0x00, 0x00, 0x4B, 0x7A, 0x84, 0x3C,
  0x23, 0xF7, 0x7F, 0xBF, 0x63, 0x93, 0x44, 0x3B, 0xB2, 0xAA, 0xBA, 0x42, 0x9F, 0xA2, 0xB5, 0x42,
  0x22, 0xEB, 0x70, 0x43, 0x5E, 0xEA, 0xF1, 0x35, 0x6E, 0xB5, 0xB2, 0x42, 0xB5, 0x2C, 0x80, 0x43,
  0xF9, 0xFF, 0x9F, 0x42, 0xE8, 0x31, 0xB4, 0x42, 0xA6, 0x7F, 0x91, 0x42, 0x00, 0x00, 0x19, 0x94,
  0x6F, 0xBD, 0x31, 0x8D, 0x7F, 0xBF, 0xC0, 0x04, 0x12, 0x3C, 0xB2, 0xAA, 0xBA, 0x42, 0x9F, 0xA2,
  0xB5, 0x42, 0x22, 0xEB, 0x70, 0x43, 0xF9, 0xFF, 0x9F, 0x42, 0xE8, 0x31, 0xB4, 0x42, 0xA6, 0x7F,
  0x91, 0x42, 0x0F, 0x00, 0xF0, 0x42, 0x6E, 0xB5, 0xB2, 0x42, 0x91, 0x08, 0x7C, 0x43, 0x00, 0x00,
  0x82, 0x4A, 0x3F, 0x3C, 0x84, 0xFB, 0x7F, 0xBF, 0x24, 0x4B, 0x3F, 0xBA, 0x33, 0x33, 0x32, 0x43,
  0xC5, 0x59, 0xB4, 0x42, 0xFC, 0x02, 0x69, 0x42, 0x0F, 0x00, 0xF0, 0x42, 0x6E, 0xB5, 0xB2, 0x42,
  0x91, 0x08, 0x7C, 0x43, 0x02, 0x00, 0xF0, 0x42, 0x38, 0xFE, 0xB2, 0x42, 0xD9, 0xE0, 0x64, 0x42,
  0x00, 0x00, 0xB2, 0xC2, 0x7A, 0xBC, 0x4E, 0xF8, 0x7F, 0xBF, 0xD0, 0x47, 0x3F, 0xBA, 0x0F, 0x00,
  0xF0, 0x42, 0x6E, 0xB5, 0xB2, 0x42, 0x91, 0x08, 0x7C, 0x43, 0xF9, 0xFF, 0x9F, 0x42, 0xE8, 0x31,
  0xB4, 0x42, 0xA6, 0x7F, 0x91, 0x42, 0x02, 0x00, 0xF0, 0x42, 0x38, 0xFE, 0xB2, 0x42, 0xD9, 0xE0,
  0x64, 0x42, 0x00, 0x00, 0x1E, 0x2F, 0x18, 0x3C, 0x2C, 0xFD, 0x7F, 0xBF, 0xAC, 0xD8, 0xA1, 0xAE,
  0x47, 0xFC, 0x86, 0x34, 0x6E, 0xB5, 0xB2, 0x42, 0xAA, 0x65, 0x61, 0x42, 0xF9, 0xFF, 0x9F, 0x42,
  0xE8, 0x31, 0xB4, 0x42, 0xA6, 0x7F, 0x91, 0x42, 0x5E, 0xEA, 0xF1, 0x35, 0x6E, 0xB5, 0xB2, 0x42,
  0xB5, 0x2C, 0x80, 0x43, 0x00, 0x00, 0xEE, 0xF4, 0x08, 0xB1, 0xD0, 0xFF, 0x7F, 0x3F, 0x3F, 0x06,
  0x1C, 0xBB, 0x01, 0x00, 0xF0, 0x42, 0x6E, 0xB5, 0xB5, 0x42, 0xB5, 0x2C, 0x80, 0x43, 0x00, 0x00,
  0x48, 0x43, 0x6E, 0xB5, 0xB5, 0x42, 0xB5, 0x2C, 0x80, 0x43, 0xB2, 0xAA, 0xBA, 0x42, 0x9F, 0xA2,
  0xB5, 0x42, 0x22, 0xEB, 0x70, 0x43, 0x00, 0x00, 0x50, 0xED, 0x47, 0x3C, 0xF8, 0xFA, 0x7F, 0x3F,
  0x0E, 0x20, 0x0D, 0x3B, 0xB2, 0xAA, 0xBA, 0x42, 0x9F, 0xA2, 0xB5, 0x42, 0x22, 0xEB, 0x70, 0x43,
  0x33, 0x33, 0x32, 0x43, 0xC5, 0x59, 0xB4, 0x42, 0xFC, 0x02, 0x69, 0x42, 0x01, 0x00, 0xF0, 0x42,
  0x6E, 0xB5, 0xB5, 0x42, 0xA2, 0x7F, 0x91, 0x42, 0x00, 0x00, 0xCB, 0xA7, 0x81, 0xBD, 0x31, 0x13,
  0x6F, 0x3F, 0xE7, 0x2E, 0xB4, 0x3E, 0x00, 0x00, 0xA0, 0x42, 0x31, 0x08, 0xC0, 0x42, 0x70, 0x2C,
  0x64, 0x42, 0xB1, 0xEF, 0x12, 0x34, 0x6E, 0xB5, 0xB5, 0x42, 0xA9, 0x65, 0x61, 0x42, 0xF9, 0xFF,
  0x9F, 0x42, 0xE8, 0x31, 0xB4, 0x42, 0xA6, 0x7F, 0x91, 0x42, 0x00, 0x00, 0xFF, 0x04, 0x25, 0xBC,
  0x9D, 0x03, 0x7F, 0x3F, 0x46, 0x60, 0xB2, 0xBD, 0x01, 0x00, 0xF0, 0x42, 0x6E, 0xB5, 0xB5, 0x42,
  0xA2, 0x7F, 0x91, 0x42, 0x33, 0x33, 0x32, 0x43, 0xC5, 0x59, 0xB4, 0x42, 0xFC, 0x02, 0x69, 0x42,
  0x02, 0x00, 0xF0, 0x42, 0x38, 0xFE, 0xB2, 0x42, 0xD9, 0xE0, 0x64, 0x42, 0x00, 0x00, 0xB8, 0xE9,
  0x3C, 0x3B, 0x6C, 0xEF, 0x7F, 0x3F, 0x9C, 0xBB, 0xB6, 0xBC, 0x0D, 0x31, 0x47, 0x43, 0x10, 0x46,
  0xB4, 0x42, 0x25, 0x16, 0x60, 0x43, 0xB2, 0xAA, 0xBA, 0x42, 0x9F, 0xA2, 0xB5, 0x42, 0x22, 0xEB,
  0x70, 0x43, 0x00, 0x00, 0x48, 0x43, 0x6E, 0xB5, 0xB5, 0x42, 0xB5, 0x2C, 0x80, 0x43, 0x00, 0x00,
  0x16, 0x65, 0xCE, 0x3B, 0xAD, 0xFE, 0x7F, 0x3F, 0x03, 0xFA, 0x59, 0xBA, 0x3A, 0xAB, 0x47, 0x43,
  0xB9, 0x1E, 0xB4, 0x42, 0x2B, 0x4B, 0x07, 0x43, 0xB2, 0xAA, 0xBA, 0x42, 0x9F, 0xA2, 0xB5, 0x42,
  0x22, 0xEB, 0x70, 0x43, 0x0D, 0x31, 0x47, 0x43, 0x10, 0x46, 0xB4, 0x42, 0x25, 0x16, 0x60, 0x43,
  0x00, 0x00, 0xB3, 0x41, 0x96, 0xBB, 0x0F, 0xFF, 0x7F, 0x3F, 0x05, 0xD9, 0x35, 0x3B, 0x00, 0x00,
  0x48, 0x43, 0xA8, 0x8F, 0xB4, 0x42, 0xA9, 0x65, 0x61, 0x42, 0x33, 0x33, 0x32, 0x43, 0xC5, 0x59,
  0xB4, 0x42, 0xFC, 0x02, 0x69, 0x42, 0x3A, 0xAB, 0x47, 0x43, 0xB9, 0x1E, 0xB4, 0x42, 0x2B, 0x4B,
  0x07, 0x43, 0x00, 0x00, 0xC0, 0x01, 0xDD, 0x3B, 0x81, 0xFE, 0x7F, 0x3F, 0x2E, 0x94, 0xC8, 0xB9,
  0x33, 0x33, 0x32, 0x43, 0xC5, 0x59, 0xB4, 0x42, 0xFC, 0x02, 0x69, 0x42, 0xB2, 0xAA, 0xBA, 0x42,
  0x9F, 0xA2, 0xB5, 0x42, 0x22, 0xEB, 0x70, 0x43, 0x3A, 0xAB, 0x47, 0x43, 0xB9, 0x1E, 0xB4, 0x42,
  0x2B, 0x4B, 0x07, 0x43, 0x00, 0x00, 0xD4, 0xB0, 0x98, 0xB9, 0x6F, 0xFF, 0x7F, 0x3F, 0xF1, 0xBB,
  0x87, 0xBB, 0xDA, 0x16, 0x50, 0xB4, 0x6E, 0xB5, 0xB5, 0x42, 0xB5, 0x2C, 0x80, 0x43, 0xFF, 0xFF,
  0x9F, 0x42, 0x5C, 0xC1, 0xB5, 0x42, 0xB5, 0x2C, 0x80, 0x43, 0xB2, 0xAA, 0xBA, 0x42, 0x9F, 0xA2,
  0xB5, 0x42, 0x22, 0xEB, 0x70, 0x43, 0x00, 0x00, 0x71, 0xB0, 0xA2, 0xB9, 0x67, 0xFF, 0x7F, 0x3F,
  0x8C, 0x83, 0x8B, 0xBB, 0xDA, 0x16, 0x50, 0xB4, 0x6E, 0xB5, 0xB5, 0x42, 0xB5, 0x2C, 0x80, 0x43,
  0xB2, 0xAA, 0xBA, 0x42, 0x9F, 0xA2, 0xB5, 0x42, 0x22, 0xEB, 0x70, 0x43, 0xF9, 0xFF, 0x9F, 0x42,
  0xE8, 0x31, 0xB4, 0x42, 0xA6, 0x7F, 0x91, 0x42, 0x00, 0x00, 0xAE, 0x00, 0x1B, 0x3C, 0x11, 0xFD,
  0x7F, 0x3F, 0x63, 0x40, 0x17, 0x2E, 0xDA, 0x16, 0x50, 0xB4, 0x6E, 0xB5, 0xB5, 0x42, 0xB5, 0x2C,
  0x80, 0x43, 0xF9, 0xFF, 0x9F, 0x42, 0xE8, 0x31, 0xB4, 0x42, 0xA6, 0x7F, 0x91, 0x42, 0xB1, 0xEF,
  0x12, 0x34, 0x6E, 0xB5, 0xB5, 0x42, 0xA9, 0x65, 0x61, 0x42, 0x00, 0x00, 0x1D, 0xFB, 0x9A, 0xBC,
  0x04, 0xF4, 0x7F, 0x3F, 0xF4, 0x49, 0x36, 0xBB, 0xF9, 0xFF, 0x9F, 0x42, 0xE8, 0x31, 0xB4, 0x42,
  0xA6, 0x7F, 0x91, 0x42, 0xB2, 0xAA, 0xBA, 0x42, 0x9F, 0xA2, 0xB5, 0x42, 0x22, 0xEB, 0x70, 0x43,
  0x01, 0x00, 0xF0, 0x42, 0x6E, 0xB5, 0xB5, 0x42, 0xA2, 0x7F, 0x91, 0x42, 0x00, 0x00, 0xFA, 0xD4,
  0xFC, 0x30, 0xAA, 0xCF, 0x71, 0xBF, 0x64, 0x16, 0xA8, 0x3E, 0x01, 0x00, 0xF0, 0x42, 0x6E, 0xB5,
  0xB5, 0x42, 0xB5, 0x2C, 0x80, 0x43, 0x0F, 0x00, 0xF0, 0x42, 0x6E, 0xB5, 0xB2, 0x42, 0x91, 0x08,
  0x7C, 0x43, 0x00, 0x00, 0x48, 0x43, 0x6E, 0xB5, 0xB5, 0x42, 0xB5, 0x2C, 0x80, 0x43, 0x00, 0x00,
  0xEC, 0xE8, 0x8F, 0x3C, 0x53, 0xE6, 0x7F, 0xBF, 0x8E, 0x82, 0xB2, 0x3C, 0x00, 0x00, 0x48, 0x43,
  0x6E, 0xB5, 0xB5, 0x42, 0xB5, 0x2C, 0x80, 0x43, 0x0F, 0x00, 0xF0, 0x42, 0x6E, 0xB5, 0xB2, 0x42,
  0x91, 0x08, 0x7C, 0x43, 0x0D, 0x31, 0x47, 0x43, 0x10, 0x46, 0xB4, 0x42, 0x25, 0x16, 0x60, 0x43,
  0x00, 0x00, 0x68, 0xD8, 0x3D, 0xBE, 0x97, 0x9E, 0x6D, 0xBF, 0xE3, 0x2B, 0xA5, 0x3E, 0xB2, 0xAA,
  0xBA, 0x42, 0x9F, 0xA2, 0xB5, 0x42, 0x22, 0xEB, 0x70, 0x43, 0x0F, 0x00, 0xF0, 0x42, 0x6E, 0xB5,
  0xB2, 0x42, 0x91, 0x08, 0x7C, 0x43, 0x01, 0x00, 0xF0, 0x42, 0x6E, 0xB5, 0xB5, 0x42, 0xB5, 0x2C,
  0x80, 0x43, 0x00, 0x00, 0xC0, 0xB6, 0x96, 0xB0, 0x48, 0x33, 0xE0, 0xB4, 0x00, 0x00, 0x80, 0x3F,
  0xDA, 0x16, 0x50, 0xB4, 0x6E, 0xB5, 0xB5, 0x42, 0xB5, 0x2C, 0x80, 0x43, 0x5E, 0xEA, 0xF1, 0x35,
  0x6E, 0xB5, 0xB2, 0x42, 0xB5, 0x2C, 0x80, 0x43, 0xFF, 0xFF, 0x9F, 0x42, 0x5C, 0xC1, 0xB5, 0x42,
  0xB5, 0x2C, 0x80, 0x43, 0x00, 0x00, 0xE1, 0xEC, 0x9B, 0x3C, 0x93, 0xE6, 0x7F, 0xBF, 0x6B, 0x97,
  0xA6, 0x3C, 0xFF, 0xFF, 0x9F, 0x42, 0x5C, 0xC1, 0xB5, 0x42, 0xB5, 0x2C, 0x80, 0x43, 0x5E, 0xEA,
  0xF1, 0x35, 0x6E, 0xB5, 0xB2, 0x42, 0xB5, 0x2C, 0x80, 0x43, 0xB2, 0xAA, 0xBA, 0x42, 0x9F, 0xA2,
  0xB5, 0x42, 0x22, 0xEB, 0x70, 0x43, 0x00, 0x00, 0x00, 0x00, 0x80, 0xBF, 0xD2, 0x0B, 0xA4, 0xB3,
  0x64, 0x37, 0xE3, 0xB0, 0xB1, 0xEF, 0x12, 0x34, 0x6E, 0xB5, 0xB5, 0x42, 0xA9, 0x65, 0x61, 0x42,
  0x47, 0xFC, 0x86, 0x34, 0x6E, 0xB5, 0xB2, 0x42, 0xAA, 0x65, 0x61, 0x42, 0xDA, 0x16, 0x50, 0xB4,
  0x6E, 0xB5, 0xB5, 0x42, 0xB5, 0x2C, 0x80, 0x43, 0x00, 0x00, 0x00, 0x00, 0x80, 0xBF, 0x26, 0x9E,
  0xB2, 0xB5, 0x6E, 0x3A, 0x05, 0x32, 0xDA, 0x16, 0x50, 0xB4, 0x6E, 0xB5, 0xB5, 0x42, 0xB5, 0x2C,
  0x80, 0x43, 0x47, 0xFC, 0x86, 0x34, 0x6E, 0xB5, 0xB2, 0x42, 0xAA, 0x65, 0x61, 0x42, 0x5E, 0xEA,
  0xF1, 0x35, 0x6E, 0xB5, 0xB2, 0x42, 0xB5, 0x2C, 0x80, 0x43, 0x00, 0x00, 0x4F, 0xB2, 0xFE, 0x3A,
  0x7A, 0x3E, 0xD4, 0x3D, 0xFE, 0x9E, 0x7E, 0xBF, 0x00, 0x00, 0xA0, 0x42, 0x31, 0x08, 0xC0, 0x42,
  0x70, 0x2C, 0x64, 0x42, 0x00, 0x00, 0xA0, 0x42, 0x6E, 0xB5, 0xB2, 0x42, 0xAA, 0x65, 0x61, 0x42,
  0xB1, 0xEF, 0x12, 0x34, 0x6E, 0xB5, 0xB5, 0x42, 0xA9, 0x65, 0x61, 0x42, 0x00, 0x00, 0xA0, 0xC7,
  0xCE, 0xB2, 0xB8, 0x7E, 0x3A, 0xB6, 0x00, 0x00, 0x80, 0xBF, 0xB1, 0xEF, 0x12, 0x34, 0x6E, 0xB5,
  0xB5, 0x42, 0xA9, 0x65, 0x61, 0x42, 0x00, 0x00, 0xA0, 0x42, 0x6E, 0xB5, 0xB2, 0x42, 0xAA, 0x65,
  0x61, 0x42, 0x47, 0xFC, 0x86, 0x34, 0x6E, 0xB5, 0xB2, 0x42, 0xAA, 0x65, 0x61, 0x42, 0x00, 0x00,
  0x00, 0x00, 0x80, 0x3F, 0xC0, 0xFF, 0x1B, 0xB5, 0x28, 0x3A, 0x65, 0x36, 0x00, 0x00, 0xA0, 0x42,
  0x31, 0x08, 0xC0, 0x42, 0x70, 0x2C, 0x64, 0x42, 0xF9, 0xFF, 0x9F, 0x42, 0xE8, 0x31, 0xB4, 0x42,
  0xA6, 0x7F, 0x91, 0x42, 0x00, 0x00, 0xA0, 0x42, 0x6E, 0xB5, 0xB2, 0x42, 0xAA, 0x65, 0x61, 0x42,
  0x00, 0x00, 0xA6, 0x64, 0x9A, 0xBC, 0x54, 0xFB, 0x7E, 0x3F, 0x7B, 0x5A, 0xB2, 0xBD, 0x02, 0x00,
  0xF0, 0x42, 0x38, 0xFE, 0xB2, 0x42, 0xD9, 0xE0, 0x64, 0x42, 0xF9, 0xFF, 0x9F, 0x42, 0xE8, 0x31,
  0xB4, 0x42, 0xA6, 0x7F, 0x91, 0x42, 0x01, 0x00, 0xF0, 0x42, 0x6E, 0xB5, 0xB5, 0x42, 0xA2, 0x7F,
  0x91, 0x42, 0x00, 0x00, 0xD4, 0xF0, 0x7F, 0xBF, 0x28, 0x1E, 0xB0, 0x3C, 0x0A, 0xE7, 0x62, 0x3A,
  0x1A, 0xAF, 0x45, 0x43, 0xD2, 0x19, 0xC2, 0x42, 0xEB, 0x0F, 0xA4, 0x42, 0xF3, 0xA7, 0x45, 0x43,
  0x0D, 0x88, 0xB6, 0x42, 0x94, 0x71, 0x41, 0x43, 0x20, 0xDA, 0x45, 0x43, 0x6E, 0xB5, 0xC5, 0x42,
  0x6A, 0x59, 0x67, 0x43, 0x00, 0x00, 0xBD, 0xF9, 0x7F, 0xBF, 0x9C, 0xEA, 0x5E, 0x3C, 0x5C, 0x54,
  0x20, 0x3B, 0x20, 0xDA, 0x45, 0x43, 0x6E, 0xB5, 0xC5, 0x42, 0x6A, 0x59, 0x67, 0x43, 0xF3, 0xA7,
  0x45, 0x43, 0x0D, 0x88, 0xB6, 0x42, 0x94, 0x71, 0x41, 0x43, 0x3E, 0xBC, 0x45, 0x43, 0x3F, 0xFB,
  0xB4, 0x42, 0x37, 0x26, 0x66, 0x43, 0x00, 0x00, 0xEC, 0xD6, 0x7F, 0xBF, 0x42, 0xBF, 0x10, 0xBD,
  0x93, 0xAB, 0x08, 0xBB, 0x1A, 0xAF, 0x45, 0x43, 0xD2, 0x19, 0xC2, 0x42, 0xEB, 0x0F, 0xA4, 0x42,
  0xC4, 0xBB, 0x45, 0x43, 0x0C, 0x88, 0xB6, 0x42, 0x6B, 0x59, 0x1C, 0x43, 0xF3, 0xA7, 0x45, 0x43,
  0x0D, 0x88, 0xB6, 0x42, 0x94, 0x71, 0x41, 0x43, 0x00, 0x00, 0xFC, 0x89, 0x7F, 0xBF, 0x54, 0x28,
  0x75, 0xBD, 0xD1, 0xE2, 0x82, 0xBB, 0x05, 0xDE, 0x45, 0x43, 0x8C, 0x0A, 0xB7, 0x42, 0xC7, 0x2E,
  0xEE, 0x42, 0xC4, 0xBB, 0x45, 0x43, 0x0C, 0x88, 0xB6, 0x42, 0x6B, 0x59, 0x1C, 0x43, 0x1A, 0xAF,
  0x45, 0x43, 0xD2, 0x19, 0xC2, 0x42, 0xEB, 0x0F, 0xA4, 0x42, 0x00, 0x00, 0xBD, 0xF9, 0x7F, 0x3F,
  0x9C, 0xEA, 0x5E, 0xBC, 0x5C, 0x54, 0x20, 0xBB, 0x3E, 0xBC, 0x45, 0x43, 0x3F, 0xFB, 0xB4, 0x42,
  0x37, 0x26, 0x66, 0x43, 0xF3, 0xA7, 0x45, 0x43, 0x0D, 0x88, 0xB6, 0x42, 0x94, 0x71, 0x41, 0x43,
  0x20, 0xDA, 0x45, 0x43, 0x6E, 0xB5, 0xC5, 0x42, 0x6A, 0x59, 0x67, 0x43, 0x00, 0x00, 0x90, 0xED,
  0x7F, 0x3F, 0x85, 0xF3, 0xC1, 0x3C, 0x26, 0xFA, 0xB8, 0xBA, 0x20, 0xDA, 0x45, 0x43, 0x6E, 0xB5,
  0xC5, 0x42, 0x6A, 0x59, 0x67, 0x43, 0x05, 0xDE, 0x45, 0x43, 0x8C, 0x0A, 0xB7, 0x42, 0xC7, 0x2E,
  0xEE, 0x42, 0x1A, 0xAF, 0x45, 0x43, 0xD2, 0x19, 0xC2, 0x42, 0xEB, 0x0F, 0xA4, 0x42, 0x00, 0x00,
  0xD6, 0xD4, 0x7F, 0x3F, 0x8C, 0x63, 0x14, 0xBD, 0x90, 0xAA, 0x08, 0x3B, 0xF3, 0xA7, 0x45, 0x43,
  0x0D, 0x88, 0xB6, 0x42, 0x94, 0x71, 0x41, 0x43, 0xC4, 0xBB, 0x45, 0x43, 0x0C, 0x88, 0xB6, 0x42,
  0x6B, 0x59, 0x1C, 0x43, 0x20, 0xDA, 0x45, 0x43, 0x6E, 0xB5, 0xC5, 0x42, 0x6A, 0x59, 0x67, 0x43,
  0x00, 0x00, 0xA6, 0xB4, 0x7F, 0x3F, 0xB1, 0xE8, 0x43, 0xBD, 0xDC, 0xA5, 0x55, 0x3B, 0xC4, 0xBB,
  0x45, 0x43, 0x0C, 0x88, 0xB6, 0x42, 0x6B, 0x59, 0x1C, 0x43, 0x05, 0xDE, 0x45, 0x43, 0x8C, 0x0A,
  0xB7, 0x42, 0xC7, 0x2E, 0xEE, 0x42, 0x20, 0xDA, 0x45, 0x43, 0x6E, 0xB5, 0xC5, 0x42, 0x6A, 0x59,
  0x67, 0x43, 0x00, 0x00, 0xC9, 0x36, 0x7F, 0x3F, 0x24, 0x5B, 0xA0, 0x3D, 0x70, 0x34, 0x33, 0x3A,
  0x69, 0xFB, 0x0F, 0x40, 0xD2, 0x19, 0xC2, 0x42, 0xDE, 0xAA, 0x66, 0x43, 0x06, 0x20, 0x30, 0x40,
  0x15, 0xF7, 0xB5, 0x42, 0x01, 0x3D, 0x41, 0x43, 0xAF, 0x77, 0x0D, 0x40, 0x6E, 0xB5, 0xC5, 0x42,
  0xD4, 0xB2, 0xA2, 0x42, 0x00, 0x00, 0x52, 0xF9, 0x7F, 0x3F, 0x76, 0xBE, 0x93, 0x3B, 0xC4, 0xEA,
  0x5D, 0xBC, 0xAF, 0x77, 0x0D, 0x40, 0x6E, 0xB5, 0xC5, 0x42, 0xD4, 0xB2, 0xA2, 0x42, 0x34, 0x6C,
  0x35, 0x40, 0xB2, 0x99, 0xB5, 0x42, 0xA0, 0x82, 0xF9, 0x42, 0xEA, 0xEB, 0x10, 0x40, 0x3F, 0xFB,
  0xB4, 0x42, 0x3B, 0x19, 0xA5, 0x42, 0x00, 0x00, 0x21, 0xB8, 0x07, 0xBF, 0xFD, 0x0F, 0x59, 0xBF,
  0x10, 0x03, 0xD4, 0x3A, 0x06, 0x20, 0x30, 0x40, 0x15, 0xF7, 0xB5, 0x42, 0x01, 0x3D, 0x41, 0x43,
  0x9E, 0x19, 0xFE, 0x3F, 0xE4, 0xC8, 0xB6, 0x42, 0x0D, 0xB9, 0x1C, 0x43, 0x34, 0x6C, 0x35, 0x40,
  0xB2, 0x99, 0xB5, 0x42, 0xA0, 0x82, 0xF9, 0x42, 0x00, 0x00, 0x44, 0x20, 0x7F, 0x3F, 0x65, 0x12,
  0xA9, 0x3D, 0x81, 0x10, 0x81, 0x3A, 0x06, 0x20, 0x30, 0x40, 0x15, 0xF7, 0xB5, 0x42, 0x01, 0x3D,
  0x41, 0x43, 0x34, 0x6C, 0x35, 0x40, 0xB2, 0x99, 0xB5, 0x42, 0xA0, 0x82, 0xF9, 0x42, 0xAF, 0x77,
  0x0D, 0x40, 0x6E, 0xB5, 0xC5, 0x42, 0xD4, 0xB2, 0xA2, 0x42, 0x00, 0x00, 0xDF, 0xBF, 0x74, 0xBF,
  0xDE, 0xEA, 0x95, 0xBE, 0x00, 0xD8, 0x76, 0x3C, 0x34, 0x6C, 0x35, 0x40, 0xB2, 0x99, 0xB5, 0x42,
  0xA0, 0x82, 0xF9, 0x42, 0x02, 0x00, 0xC0, 0x3F, 0x6E, 0xB5, 0xBD, 0x42, 0xD4, 0xB2, 0xED, 0x42,
  0xEA, 0xEB, 0x10, 0x40, 0x3F, 0xFB, 0xB4, 0x42, 0x3B, 0x19, 0xA5, 0x42, 0x00, 0x00, 0x16, 0xF5,
  0x70, 0xBF, 0xC4, 0xA7, 0xAC, 0xBE, 0x7A, 0xBE, 0x99, 0xBC, 0x9E, 0x19, 0xFE, 0x3F, 0xE4, 0xC8,
  0xB6, 0x42, 0x0D, 0xB9, 0x1C, 0x43, 0x02, 0x00, 0xC0, 0x3F, 0x6E, 0xB5, 0xBD, 0x42, 0xD4, 0xB2,
  0xED, 0x42, 0x34, 0x6C, 0x35, 0x40, 0xB2, 0x99, 0xB5, 0x42, 0xA0, 0x82, 0xF9, 0x42, 0x00, 0x00,
  0x23, 0xF0, 0x7F, 0xBF, 0x58, 0x8E, 0x18, 0xBC, 0x63, 0x4B, 0xA3, 0xBC, 0xEA, 0xEB, 0x10, 0x40,
  0x3F, 0xFB, 0xB4, 0x42, 0x3B, 0x19, 0xA5, 0x42, 0x02, 0x00, 0xC0, 0x3F, 0x6E, 0xB5, 0xBD, 0x42,
  0xD4, 0xB2, 0xED, 0x42, 0xAF, 0x77, 0x0D, 0x40, 0x6E, 0xB5, 0xC5, 0x42, 0xD4, 0xB2, 0xA2, 0x42,
  0x00, 0x00, 0x4C, 0x23, 0x7E, 0xBF, 0x3F, 0x8B, 0xF6, 0x3D, 0xD8, 0xDC, 0xE0, 0x3A, 0xAF, 0x77,
  0x0D, 0x40, 0x6E, 0xB5, 0xC5, 0x42, 0xD4, 0xB2, 0xA2, 0x42, 0x02, 0x00, 0xC0, 0x3F, 0x07, 0xC9,
  0xB6, 0x42, 0x66, 0xD9, 0x41, 0x43, 0x69, 0xFB, 0x0F, 0x40, 0xD2, 0x19, 0xC2, 0x42, 0xDE, 0xAA,
  0x66, 0x43, 0x00, 0x00, 0x65, 0x48, 0xA0, 0xBE, 0x51, 0x21, 0x73, 0xBF, 0x71, 0xD4, 0x85, 0xBB,
  0x02, 0x00, 0xC0, 0x3F, 0x07, 0xC9, 0xB6, 0x42, 0x66, 0xD9, 0x41, 0x43, 0x9E, 0x19, 0xFE, 0x3F,
  0xE4, 0xC8, 0xB6, 0x42, 0x0D, 0xB9, 0x1C, 0x43, 0x06, 0x20, 0x30, 0x40, 0x15, 0xF7, 0xB5, 0x42,
  0x01, 0x3D, 0x41, 0x43, 0x00, 0x00, 0x02, 0x83, 0x75, 0xBE, 0x85, 0x75, 0x75, 0xBF, 0x69, 0xE0,
  0x1B, 0x3E, 0x69, 0xFB, 0x0F, 0x40, 0xD2, 0x19, 0xC2, 0x42, 0xDE, 0xAA, 0x66, 0x43, 0x02, 0x00,
  0xC0, 0x3F, 0x07, 0xC9, 0xB6, 0x42, 0x66, 0xD9, 0x41, 0x43, 0x06, 0x20, 0x30, 0x40, 0x15, 0xF7,
  0xB5, 0x42, 0x01, 0x3D, 0x41, 0x43, 0x00, 0x00, 0x86, 0xA9, 0x7E, 0xBF, 0xBF, 0x65, 0xCF, 0xBD,
  0x83, 0xF8, 0x54, 0xBC, 0xAF, 0x77, 0x0D, 0x40, 0x6E, 0xB5, 0xC5, 0x42, 0xD4, 0xB2, 0xA2, 0x42,
  0x9E, 0x19, 0xFE, 0x3F, 0xE4, 0xC8, 0xB6, 0x42, 0x0D, 0xB9, 0x1C, 0x43, 0x02, 0x00, 0xC0, 0x3F,
  0x07, 0xC9, 0xB6, 0x42, 0x66, 0xD9, 0x41, 0x43, 0x00, 0x00, 0x73, 0xE2, 0xDC, 0xBE, 0x22, 0xDC,
  0x65, 0x3F, 0x91, 0x68, 0xB3, 0x3D, 0x02, 0x00, 0xC0, 0x3F, 0x6E, 0xB5, 0xBD, 0x42, 0xD4, 0xB2,
  0xED, 0x42, 0x9E, 0x19, 0xFE, 0x3F, 0xE4, 0xC8, 0xB6, 0x42, 0x0D, 0xB9, 0x1C, 0x43, 0xAF, 0x77,
  0x0D, 0x40, 0x6E, 0xB5, 0xC5, 0x42, 0xD4, 0xB2, 0xA2, 0x42, 0x00, 0x00, 0x62, 0xE0, 0x8A, 0xB4,
  0x73, 0x67, 0xB5, 0xBB, 0xFF, 0xFE, 0x7F, 0xBF, 0x00, 0x00, 0x48, 0x43, 0x6F, 0xB5, 0xB5, 0x42,
  0xA9, 0x65, 0x67, 0x42, 0x00, 0x80, 0x46, 0x43, 0x6F, 0xB5, 0xB5, 0x42, 0xA9, 0x65, 0x67, 0x42,
  0x00, 0x00, 0x48, 0x43, 0xAD, 0xF4, 0x8F, 0x43, 0x8D, 0x08, 0x63, 0x42, 0x00, 0x00, 0xDF, 0x92,
  0x16, 0xBF, 0x4E, 0xDC, 0x38, 0xB1, 0x00, 0x09, 0x4F, 0xBF, 0x00, 0x00, 0x48, 0x43, 0xAD, 0xF4,
  0x8F, 0x43, 0x8D, 0x08, 0x63, 0x42, 0x00, 0x80, 0x46, 0x43, 0x6F, 0xB5, 0xB5, 0x42, 0xA9, 0x65,
  0x67, 0x42, 0x00, 0x80, 0x46, 0x43, 0x5B, 0xED, 0x8F, 0x43, 0xA9, 0x65, 0x67, 0x42, 0x00, 0x00,
  0xE9, 0x38, 0xC2, 0x36, 0xBC, 0xFF, 0x7F, 0xBF, 0x0B, 0x4C, 0x3A, 0xBB, 0x00, 0x00, 0x48, 0x43,
  0x70, 0xB5, 0xB5, 0x42, 0x6B, 0xD9, 0x7E, 0x43, 0x00, 0x80, 0x46, 0x43, 0x6F, 0xB5, 0xB5, 0x42,
  0x6A, 0xD9, 0x7E, 0x43, 0xBF, 0xFE, 0x47, 0x43, 0xF1, 0x44, 0xB6, 0x42, 0xEC, 0x3F, 0x1C, 0x43,
  0x00, 0x00, 0x1D, 0x30, 0x60, 0xBD, 0x52, 0x9D, 0x7F, 0xBF, 0xFA, 0x69, 0x70, 0xBB, 0xBF, 0xFE,
  0x47, 0x43, 0xF1, 0x44, 0xB6, 0x42, 0xEC, 0x3F, 0x1C, 0x43, 0x00, 0x80, 0x46, 0x43, 0x6F, 0xB5,
  0xB5, 0x42, 0x6A, 0xD9, 0x7E, 0x43, 0xEB, 0xFF, 0x47, 0x43, 0x72, 0x8B, 0xB6, 0x42, 0x68, 0x67,
  0xED, 0x42, 0x00, 0x00, 0x04, 0x77, 0x89, 0x3E, 0xC0, 0x99, 0x76, 0xBF, 0x2B, 0xBE, 0x45, 0xB1,
  0xEB, 0xFF, 0x47, 0x43, 0x72, 0x8B, 0xB6, 0x42, 0x68, 0x67, 0xED, 0x42, 0x00, 0x80, 0x46, 0x43,
  0x6F, 0xB5, 0xB5, 0x42, 0x6A, 0xD9, 0x7E, 0x43, 0x00, 0x80, 0x46, 0x43, 0x6F, 0xB5, 0xB5, 0x42,
  0xA9, 0x65, 0x67, 0x42, 0x00, 0x00, 0xE5, 0xD8, 0xFA, 0x35, 0x74, 0xFE, 0x7F, 0xBF, 0xEC, 0x12,
  0xE1, 0x3B, 0xEB, 0xFF, 0x47, 0x43, 0x72, 0x8B, 0xB6, 0x42, 0x68, 0x67, 0xED, 0x42, 0x00, 0x80,
  0x46, 0x43, 0x6F, 0xB5, 0xB5, 0x42, 0xA9, 0x65, 0x67, 0x42, 0x00, 0x00, 0x48, 0x43, 0x6F, 0xB5,
  0xB5, 0x42, 0xA9, 0x65, 0x67, 0x42, 0x00, 0x00, 0x6D, 0xD7, 0x10, 0xB5, 0xF2, 0xC7, 0xE6, 0x2F,
  0x00, 0x00, 0x80, 0x3F, 0x00, 0x00, 0x48, 0x43, 0x5B, 0xED, 0x8F, 0x43, 0x6B, 0xD9, 0x7E, 0x43,
  0x00, 0x80, 0x46, 0x43, 0x5B, 0xED, 0x8F, 0x43, 0x6B, 0xD9, 0x7E, 0x43, 0x00, 0x00, 0x48, 0x43,
  0x70, 0xB5, 0xB5, 0x42, 0x6B, 0xD9, 0x7E, 0x43, 0x00, 0x00, 0xA0, 0xAC, 0x1D, 0xB7, 0xB8, 0xF2,
  0x8F, 0xB3, 0x00, 0x00, 0x80, 0x3F, 0x00, 0x00, 0x48, 0x43, 0x70, 0xB5, 0xB5, 0x42, 0x6B, 0xD9,
  0x7E, 0x43, 0x00, 0x80, 0x46, 0x43, 0x5B, 0xED, 0x8F, 0x43, 0x6B, 0xD9, 0x7E, 0x43, 0x00, 0x80,
  0x46, 0x43, 0x6F, 0xB5, 0xB5, 0x42, 0x6A, 0xD9, 0x7E, 0x43, 0x00, 0x00, 0xB6, 0x27, 0x0E, 0xBD,
  0xCD, 0xD7, 0x7F, 0x3F, 0x93, 0x45, 0x99, 0x3B, 0x00, 0x00, 0x48, 0x43, 0xAD, 0xF4, 0x8F, 0x43,
  0x8D, 0x08, 0x63, 0x42, 0x00, 0x80, 0x46, 0x43, 0x5B, 0xED, 0x8F, 0x43, 0xA9, 0x65, 0x67, 0x42,
  0xE6, 0xFF, 0x47, 0x43, 0x8E, 0xCF, 0x8F, 0x43, 0xB8, 0x6E, 0xED, 0x42, 0x00, 0x00, 0x2B, 0x35,
  0xA9, 0x3D, 0xD5, 0x1F, 0x7F, 0x3F, 0xBC, 0xCC, 0xE8, 0x3A, 0xE6, 0xFF, 0x47, 0x43, 0x8E, 0xCF,
  0x8F, 0x43, 0xB8, 0x6E, 0xED, 0x42, 0x00, 0x80, 0x46, 0x43, 0x5B, 0xED, 0x8F, 0x43, 0xA9, 0x65,
  0x67, 0x42, 0x19, 0x80, 0x46, 0x43, 0xBC, 0xD6, 0x8F, 0x43, 0xB7, 0xFC, 0x1C, 0x43, 0x00, 0x00,
  0xEA, 0xDB, 0x7B, 0x3E, 0x84, 0x20, 0x78, 0x3F, 0xBE, 0x96, 0x06, 0x3C, 0xE6, 0xFF, 0x47, 0x43,
  0x8E, 0xCF, 0x8F, 0x43, 0xB8, 0x6E, 0xED, 0x42, 0x19, 0x80, 0x46, 0x43, 0xBC, 0xD6, 0x8F, 0x43,
  0xB7, 0xFC, 0x1C, 0x43, 0x21, 0xFE, 0x47, 0x43, 0x42, 0xA7, 0x8F, 0x43, 0x74, 0x12, 0x1C, 0x43,
  0x00, 0x00, 0x0B, 0xD0, 0x73, 0x3E, 0x45, 0xA2, 0x78, 0x3F, 0x8C, 0x06, 0xB1, 0xBB, 0x21, 0xFE,
  0x47, 0x43, 0x42, 0xA7, 0x8F, 0x43, 0x74, 0x12, 0x1C, 0x43, 0x19, 0x80, 0x46, 0x43, 0xBC, 0xD6,
  0x8F, 0x43, 0xB7, 0xFC, 0x1C, 0x43, 0x00, 0x00, 0x48, 0x43, 0x5B, 0xED, 0x8F, 0x43, 0x6B, 0xD9,
  0x7E, 0x43, 0x00, 0x00, 0xFB, 0x35, 0x8B, 0xB5, 0xE5, 0xFF, 0x7F, 0x3F, 0x84, 0xAF, 0xEC, 0xBA,
  0x00, 0x00, 0x48, 0x43, 0x5B, 0xED, 0x8F, 0x43, 0x6B, 0xD9, 0x7E, 0x43, 0x19, 0x80, 0x46, 0x43,
  0xBC, 0xD6, 0x8F, 0x43, 0xB7, 0xFC, 0x1C, 0x43, 0x00, 0x80, 0x46, 0x43, 0x5B, 0xED, 0x8F, 0x43,
  0x6B, 0xD9, 0x7E, 0x43, 0x00, 0x00, 0x00, 0x00, 0x80, 0xBF, 0xFC, 0x87, 0x44, 0x31, 0x2D, 0x50,
  0xA4, 0x2E, 0x00, 0x80, 0x46, 0x43, 0xFC, 0xC2, 0xBF, 0x42, 0xFB, 0xF0, 0x1B, 0x43, 0x00, 0x80,
  0x46, 0x43, 0x6F, 0xB5, 0xB5, 0x42, 0x6A, 0xD9, 0x7E, 0x43, 0x00, 0x80, 0x46, 0x43, 0x70, 0xB5,
  0xBD, 0x42, 0x6A, 0xD9, 0x41, 0x43, 0x00, 0x00, 0x4C, 0xD0, 0x76, 0xBF, 0xA7, 0xA2, 0x87, 0xBE,
  0x2A, 0x4E, 0x8E, 0x3C, 0x00, 0x80, 0x46, 0x43, 0x5B, 0xED, 0x8D, 0x43, 0x6A, 0xD9, 0x41, 0x43,
  0x8E, 0xF8, 0x47, 0x43, 0x6E, 0x4C, 0x8B, 0x43, 0x13, 0x50, 0x43, 0x43, 0x00, 0x80, 0x46, 0x43,
  0x5B, 0xED, 0x8F, 0x43, 0x6B, 0xD9, 0x7E, 0x43, 0x00, 0x00, 0x25, 0x05, 0x21, 0xBF, 0x62, 0x70,
  0x24, 0x3D, 0xDD, 0xC0, 0x46, 0x3F, 0x00, 0x80, 0x46, 0x43, 0x5B, 0xED, 0x8D, 0x43, 0x6A, 0xD9,
  0x41, 0x43, 0x00, 0x80, 0x46, 0x43, 0x15, 0x68, 0x83, 0x43, 0xF3, 0xEF, 0x42, 0x43, 0x8E, 0xF8,
  0x47, 0x43, 0x6E, 0x4C, 0x8B, 0x43, 0x13, 0x50, 0x43, 0x43, 0x00, 0x00, 0x70, 0xD0, 0x7F, 0xBF,
  0x97, 0xC2, 0x05, 0xBD, 0x48, 0xA6, 0xA0, 0xBC, 0x8E, 0xF8, 0x47, 0x43, 0x6E, 0x4C, 0x8B, 0x43,
  0x13, 0x50, 0x43, 0x43, 0xA0, 0x3F, 0x47, 0x43, 0xD1, 0xE4, 0x8A, 0x43, 0x84, 0x78, 0x69, 0x43,
  0x00, 0x80, 0x46, 0x43, 0x5B, 0xED, 0x8F, 0x43, 0x6B, 0xD9, 0x7E, 0x43, 0x00, 0x00, 0x77, 0xD5,
  0x7F, 0xBF, 0x79, 0xE0, 0xED, 0xBC, 0x46, 0xA1, 0xAE, 0xBC, 0x00, 0x80, 0x46, 0x43, 0x5B, 0xED,
  0x8F, 0x43, 0x6B, 0xD9, 0x7E, 0x43, 0xA0, 0x3F, 0x47, 0x43, 0xD1, 0xE4, 0x8A, 0x43, 0x84, 0x78,
  0x69, 0x43, 0xF6, 0x3F, 0x47, 0x43, 0x1C, 0x4A, 0x87, 0x43, 0x90, 0x3A, 0x73, 0x43, 0x00, 0x00,
  0x82, 0x9C, 0x7F, 0xBF, 0x44, 0xAB, 0xD6, 0xBB, 0xB9, 0x02, 0x60, 0xBD, 0xF6, 0x3F, 0x47, 0x43,
  0x1C, 0x4A, 0x87, 0x43, 0x90, 0x3A, 0x73, 0x43, 0x99, 0xB3, 0x47, 0x43, 0xC6, 0xDC, 0x5C, 0x43,
  0xE5, 0xEF, 0x70, 0x43, 0x00, 0x80, 0x46, 0x43, 0x5B, 0xED, 0x8F, 0x43, 0x6B, 0xD9, 0x7E, 0x43,
  0x00, 0x00, 0xEF, 0x0C, 0x7F, 0xBF, 0xC2, 0x7D, 0xC7, 0x31, 0x6D, 0x39, 0xB0, 0xBD, 0x00, 0x80,
  0x46, 0x43, 0x5B, 0xED, 0x8F, 0x43, 0x6B, 0xD9, 0x7E, 0x43, 0x99, 0xB3, 0x47, 0x43, 0xC6, 0xDC,
  0x5C, 0x43, 0xE5, 0xEF, 0x70, 0x43, 0x00, 0x80, 0x46, 0x43, 0x6F, 0xB5, 0xB5, 0x42, 0x6A, 0xD9,
  0x7E, 0x43, 0x00, 0x00, 0x00, 0x00, 0x80, 0xBF, 0x1C, 0x0A, 0x2F, 0x2B, 0x61, 0x18, 0x1B, 0xAF,
  0x00, 0x80, 0x46, 0x43, 0x15, 0x68, 0x83, 0x43, 0xF3, 0xEF, 0x42, 0x43, 0x00, 0x80, 0x46, 0x43,
  0xB7, 0x9A, 0x1C, 0x43, 0x6A, 0x59, 0x3A, 0x43, 0x00, 0x80, 0x46, 0x43, 0x70, 0xB5, 0xBD, 0x42,
  0x6A, 0xD9, 0x41, 0x43, 0x00, 0x00, 0x7F, 0xFE, 0x7F, 0xBF, 0x01, 0xDD, 0x3E, 0x38, 0x14, 0xF6,
  0xDD, 0xBB, 0x00, 0x80, 0x46, 0x43, 0xB8, 0x9A, 0x1C, 0x43, 0x6A, 0x59, 0x1C, 0x43, 0x65, 0xD3,
  0x46, 0x43, 0x59, 0x10, 0x7B, 0x43, 0xC1, 0xC9, 0xD9, 0x42, 0x00, 0x80, 0x46, 0x43, 0xFC, 0xC2,
  0xBF, 0x42, 0xFB, 0xF0, 0x1B, 0x43, 0x00, 0x00, 0xFE, 0xFF, 0x7F, 0xBF, 0x0E, 0xB3, 0x06, 0x3A,
  0x4E, 0x18, 0x0C, 0xAE, 0x00, 0x80, 0x46, 0x43, 0x6F, 0xB5, 0xB5, 0x42, 0x6A, 0xD9, 0x7E, 0x43,
  0x78, 0x80, 0x46, 0x43, 0x30, 0xDD, 0xBC, 0x42, 0xD7, 0xA5, 0xEE, 0x42, 0x00, 0x80, 0x46, 0x43,
  0x6F, 0xB5, 0xB5, 0x42, 0xA9, 0x65, 0x67, 0x42, 0x00, 0x00, 0xB8, 0xFC, 0x7F, 0xBF, 0x25, 0xEF,
  0x23, 0xBC, 0xB2, 0x82, 0x6A, 0xB7, 0x19, 0x80, 0x46, 0x43, 0xBC, 0xD6, 0x8F, 0x43, 0xB7, 0xFC,
  0x1C, 0x43, 0x00, 0x80, 0x46, 0x43, 0x5B, 0xED, 0x8F, 0x43, 0xA9, 0x65, 0x67, 0x42, 0x30, 0x98,
  0x46, 0x43, 0x09, 0x2A, 0x8B, 0x43, 0xAA, 0xA1, 0xEA, 0x42, 0x00, 0x00, 0xE7, 0x11, 0x74, 0xBF,
  0x68, 0x47, 0x9A, 0xBE, 0x92, 0xE4, 0x7A, 0xBC, 0x00, 0x80, 0x46, 0x43, 0xFC, 0xC2, 0xBF, 0x42,
  0xFB, 0xF0, 0x1B, 0x43, 0xBF, 0xFE, 0x47, 0x43, 0xF1, 0x44, 0xB6, 0x42, 0xEC, 0x3F, 0x1C, 0x43,
  0x00, 0x80, 0x46, 0x43, 0x6F, 0xB5, 0xB5, 0x42, 0x6A, 0xD9, 0x7E, 0x43, 0x00, 0x00, 0xE7, 0x11,
  0x74, 0x3F, 0x68, 0x47, 0x9A, 0x3E, 0x92, 0xE4, 0x7A, 0x3C, 0x00, 0x80, 0x46, 0x43, 0x6F, 0xB5,
  0xB5, 0x42, 0x6A, 0xD9, 0x7E, 0x43, 0xBF, 0xFE, 0x47, 0x43, 0xF1, 0x44, 0xB6, 0x42, 0xEC, 0x3F,
  0x1C, 0x43, 0x00, 0x80, 0x46, 0x43, 0xFC, 0xC2, 0xBF, 0x42, 0xFB, 0xF0, 0x1B, 0x43, 0x00, 0x00,
  0xFD, 0xFF, 0x7F, 0xBF, 0x85, 0x9A, 0x11, 0xBA, 0x0D, 0xC9, 0xEC, 0xB7, 0x00, 0x80, 0x46, 0x43,
  0x6F, 0xB5, 0xB5, 0x42, 0x6A, 0xD9, 0x7E, 0x43, 0x00, 0x80, 0x46, 0x43, 0xFC, 0xC2, 0xBF, 0x42,
  0xFB, 0xF0, 0x1B, 0x43, 0x78, 0x80, 0x46, 0x43, 0x30, 0xDD, 0xBC, 0x42, 0xD7, 0xA5, 0xEE, 0x42,
  0x00, 0x00, 0x00, 0x00, 0x80, 0xBF, 0xD3, 0xD1, 0x6C, 0xAD, 0x23, 0xA2, 0x11, 0x2E, 0x00, 0x80,
  0x46, 0x43, 0x15, 0x68, 0x83, 0x43, 0xF3, 0xEF, 0x42, 0x43, 0x00, 0x80, 0x46, 0x43, 0xB8, 0x9A,
  0x1C, 0x43, 0x6A, 0x59, 0x1C, 0x43, 0x00, 0x80, 0x46, 0x43, 0xB7, 0x9A, 0x1C, 0x43, 0x6A, 0x59,
  0x3A, 0x43, 0x00, 0x00, 0x00, 0x00, 0x80, 0xBF, 0xF0, 0x8B, 0xBF, 0x2D, 0x25, 0xA2, 0x11, 0x2E,
  0x00, 0x80, 0x46, 0x43, 0xB7, 0x9A, 0x1C, 0x43, 0x6A, 0x59, 0x3A, 0x43, 0x00, 0x80, 0x46, 0x43,
  0xB8, 0x9A, 0x1C, 0x43, 0x6A, 0x59, 0x1C, 0x43, 0x00, 0x80, 0x46, 0x43, 0x70, 0xB5, 0xBD, 0x42,
  0x6A, 0xD9, 0x41, 0x43, 0x00, 0x00, 0x00, 0x00, 0x80, 0xBF, 0xCB, 0x9C, 0x93, 0x28, 0x3A, 0x46,
  0x3F, 0xAC, 0x00, 0x80, 0x46, 0x43, 0x70, 0xB5, 0xBD, 0x42, 0x6A, 0xD9, 0x41, 0x43, 0x00, 0x80,
  0x46, 0x43, 0xB8, 0x9A, 0x1C, 0x43, 0x6A, 0x59, 0x1C, 0x43, 0x00, 0x80, 0x46, 0x43, 0xFC, 0xC2,
  0xBF, 0x42, 0xFB, 0xF0, 0x1B, 0x43, 0x00, 0x00, 0x7A, 0xFB, 0x7F, 0xBF, 0xC5, 0x1A, 0xA9, 0x3A,
  0x31, 0x5A, 0x3F, 0xBC, 0x65, 0xD3, 0x46, 0x43, 0x59, 0x10, 0x7B, 0x43, 0xC1, 0xC9, 0xD9, 0x42,
  0x78, 0x80, 0x46, 0x43, 0x30, 0xDD, 0xBC, 0x42, 0xD7, 0xA5, 0xEE, 0x42, 0x00, 0x80, 0x46, 0x43,
  0xB8, 0x9A, 0x1C, 0x43, 0xD4, 0xB2, 0xFC, 0x42, 0x00, 0x00, 0xBB, 0xFA, 0x7F, 0xBF, 0x77, 0x03,
  0xB6, 0x3B, 0x72, 0xBF, 0x3A, 0x3C, 0x65, 0xD3, 0x46, 0x43, 0x59, 0x10, 0x7B, 0x43, 0xC1, 0xC9,
  0xD9, 0x42, 0x00, 0x80, 0x46, 0x43, 0xB8, 0x9A, 0x1C, 0x43, 0xD4, 0xB2, 0xFC, 0x42, 0x00, 0x80,
  0x46, 0x43, 0xFC, 0xC2, 0xBF, 0x42, 0xFB, 0xF0, 0x1B, 0x43, 0x00, 0x00, 0x00, 0x00, 0x80, 0xBF,
  0x2B, 0x59, 0xC9, 0xB7, 0xF1, 0x95, 0x4E, 0xB8, 0x00, 0x80, 0x46, 0x43, 0xFC, 0xC2, 0xBF, 0x42,
  0xFB, 0xF0, 0x1B, 0x43, 0x00, 0x80, 0x46, 0x43, 0xB8, 0x9A, 0x1C, 0x43, 0xD4, 0xB2, 0xFC, 0x42,
  0x78, 0x80, 0x46, 0x43, 0x30, 0xDD, 0xBC, 0x42, 0xD7, 0xA5, 0xEE, 0x42, 0x00, 0x00, 0x34, 0xCA,
  0x7F, 0xBF, 0xB4, 0x5E, 0x5A, 0x3C, 0xDA, 0xB0, 0x1C, 0x3D, 0x99, 0xB3, 0x47, 0x43, 0xC6, 0xDC,
  0x5C, 0x43, 0xE5, 0xEF, 0x70, 0x43, 0x00, 0x80, 0x46, 0x43, 0x15, 0x68, 0x83, 0x43, 0xF3, 0xEF,
  0x42, 0x43, 0x00, 0x80, 0x46, 0x43, 0x6F, 0xB5, 0xB5, 0x42, 0x6A, 0xD9, 0x7E, 0x43, 0x00, 0x00,
  0x00, 0x00, 0x80, 0xBF, 0x82, 0xF9, 0xF6, 0x2A, 0x88, 0x04, 0xF8, 0xAE, 0x00, 0x80, 0x46, 0x43,
  0x6F, 0xB5, 0xB5, 0x42, 0x6A, 0xD9, 0x7E, 0x43, 0x00, 0x80, 0x46, 0x43, 0x15, 0x68, 0x83, 0x43,
  0xF3, 0xEF, 0x42, 0x43, 0x00, 0x80, 0x46, 0x43, 0x70, 0xB5, 0xBD, 0x42, 0x6A, 0xD9, 0x41, 0x43,
  0x00, 0x00, 0xDC, 0xFF, 0x7F, 0xBF, 0xAF, 0x22, 0x07, 0x3B, 0x74, 0xF3, 0xBC, 0xB8, 0x00, 0x80,
  0x46, 0x43, 0x6F, 0xB5, 0xB5, 0x42, 0xA9, 0x65, 0x67, 0x42, 0x78, 0x80, 0x46, 0x43, 0x30, 0xDD,
  0xBC, 0x42, 0xD7, 0xA5, 0xEE, 0x42, 0x65, 0xD3, 0x46, 0x43, 0x59, 0x10, 0x7B, 0x43, 0xC1, 0xC9,
  0xD9, 0x42, 0x00, 0x00, 0xC0, 0xFF, 0x7F, 0xBF, 0xD2, 0x66, 0x20, 0x3B, 0x74, 0x69, 0xAA, 0xBA,
  0x00, 0x80, 0x46, 0x43, 0x6F, 0xB5, 0xB5, 0x42, 0xA9, 0x65, 0x67, 0x42, 0x65, 0xD3, 0x46, 0x43,
  0x59, 0x10, 0x7B, 0x43, 0xC1, 0xC9, 0xD9, 0x42, 0xAC, 0xCF, 0x46, 0x43, 0x8D, 0x75, 0x60, 0x43,
  0xBB, 0xFD, 0x8B, 0x42, 0x00, 0x00, 0x7D, 0x65, 0x7F, 0xBF, 0x6E, 0x40, 0x8B, 0xBD, 0x82, 0x7B,
  0x18, 0xBC, 0x00, 0x80, 0x46, 0x43, 0x5B, 0xED, 0x8F, 0x43, 0xA9, 0x65, 0x67, 0x42, 0x7B, 0x6E,
  0x47, 0x43, 0x19, 0x53, 0x88, 0x43, 0xF4, 0x26, 0x8A, 0x42, 0x30, 0x98, 0x46, 0x43, 0x09, 0x2A,
  0x8B, 0x43, 0xAA, 0xA1, 0xEA, 0x42, 0x00, 0x00, 0x80, 0xEA, 0x7F, 0xBF, 0xA1, 0xB7, 0xC7, 0x2E,
  0x80, 0xD3, 0xD1, 0x3C, 0x00, 0x80, 0x46, 0x43, 0x6F, 0xB5, 0xB5, 0x42, 0xA9, 0x65, 0x67, 0x42,
  0xAC, 0xCF, 0x46, 0x43, 0x8D, 0x75, 0x60, 0x43, 0xBB, 0xFD, 0x8B, 0x42, 0x00, 0x80, 0x46, 0x43,
  0x5B, 0xED, 0x8F, 0x43, 0xA9, 0x65, 0x67, 0x42, 0x00, 0x00, 0x80, 0x9F, 0x7E, 0xBF, 0x44, 0xD4,
  0x71, 0x3C, 0xC3, 0xF6, 0xD1, 0x3D, 0x00, 0x80, 0x46, 0x43, 0x5B, 0xED, 0x8F, 0x43, 0xA9, 0x65,
  0x67, 0x42, 0xAC, 0xCF, 0x46, 0x43, 0x8D, 0x75, 0x60, 0x43, 0xBB, 0xFD, 0x8B, 0x42, 0x7B, 0x6E,
  0x47, 0x43, 0x19, 0x53, 0x88, 0x43, 0xF4, 0x26, 0x8A, 0x42, 0x00, 0x00, 0x7D, 0xFE, 0x7F, 0xBF,
  0xB2, 0xE4, 0x16, 0x38, 0x31, 0x95, 0xDE, 0xBB, 0x00, 0x80, 0x46, 0x43, 0xB8, 0x9A, 0x1C, 0x43,
  0x6A, 0x59, 0x1C, 0x43, 0x19, 0x80, 0x46, 0x43, 0xBC, 0xD6, 0x8F, 0x43, 0xB7, 0xFC, 0x1C, 0x43,
  0x65, 0xD3, 0x46, 0x43, 0x59, 0x10, 0x7B, 0x43, 0xC1, 0xC9, 0xD9, 0x42, 0x00, 0x00, 0xB5, 0xFD,
  0x7F, 0xBF, 0xDB, 0xEE, 0x08, 0xBC, 0xBC, 0xF8, 0xD2, 0xB9, 0x65, 0xD3, 0x46, 0x43, 0x59, 0x10,
  0x7B, 0x43, 0xC1, 0xC9, 0xD9, 0x42, 0x19, 0x80, 0x46, 0x43, 0xBC, 0xD6, 0x8F, 0x43, 0xB7, 0xFC,
  0x1C, 0x43, 0x30, 0x98, 0x46, 0x43, 0x09, 0x2A, 0x8B, 0x43, 0xAA, 0xA1, 0xEA, 0x42, 0x00, 0x00,
  0x00, 0x00, 0x80, 0xBF, 0xAC, 0xB9, 0x64, 0x2D, 0x8C, 0xB4, 0x2E, 0xAE, 0x00, 0x80, 0x46, 0x43,
  0x15, 0x68, 0x83, 0x43, 0xF3, 0xEF, 0x42, 0x43, 0x00, 0x80, 0x46, 0x43, 0x5B, 0xED, 0x8D, 0x43,
  0x6A, 0xD9, 0x41, 0x43, 0x00, 0x80, 0x46, 0x43, 0xB8, 0x9A, 0x1C, 0x43, 0x6A, 0x59, 0x1C, 0x43,
  0x00, 0x00, 0x00, 0x00, 0x80, 0xBF, 0x94, 0x1B, 0x47, 0x36, 0xDD, 0xE8, 0x28, 0xB7, 0x00, 0x80,
  0x46, 0x43, 0xB8, 0x9A, 0x1C, 0x43, 0x6A, 0x59, 0x1C, 0x43, 0x00, 0x80, 0x46, 0x43, 0x5B, 0xED,
  0x8D, 0x43, 0x6A, 0xD9, 0x41, 0x43, 0x19, 0x80, 0x46, 0x43, 0xBC, 0xD6, 0x8F, 0x43, 0xB7, 0xFC,
  0x1C, 0x43, 0x00, 0x00, 0x00, 0x00, 0x80, 0xBF, 0xB5, 0x87, 0x80, 0x38, 0xB8, 0xD9, 0x86, 0xB6,
  0x00, 0x80, 0x46, 0x43, 0x5B, 0xED, 0x8D, 0x43, 0x6A, 0xD9, 0x41, 0x43, 0x00, 0x80, 0x46, 0x43,
  0x5B, 0xED, 0x8F, 0x43, 0x6B, 0xD9, 0x7E, 0x43, 0x19, 0x80, 0x46, 0x43, 0xBC, 0xD6, 0x8F, 0x43,
  0xB7, 0xFC, 0x1C, 0x43, 0x00, 0x00, 0x68, 0xD5, 0x7F, 0x3F, 0x1C, 0xFD, 0xEC, 0xBC, 0xB7, 0x2C,
  0xB0, 0xBC, 0xF6, 0x3F, 0x47, 0x43, 0x1C, 0x4A, 0x87, 0x43, 0x90, 0x3A, 0x73, 0x43, 0xA0, 0x3F,
  0x47, 0x43, 0xD1, 0xE4, 0x8A, 0x43, 0x84, 0x78, 0x69, 0x43, 0x00, 0x00, 0x48, 0x43, 0x5B, 0xED,
  0x8F, 0x43, 0x6B, 0xD9, 0x7E, 0x43, 0x00, 0x00, 0xED, 0xF0, 0x7F, 0x3F, 0xC2, 0x86, 0xDD, 0x30,
  0x09, 0xB1, 0xAF, 0xBC, 0x00, 0x00, 0x48, 0x43, 0x70, 0xB5, 0xB5, 0x42, 0x6B, 0xD9, 0x7E, 0x43,
  0x99, 0xB3, 0x47, 0x43, 0xC6, 0xDC, 0x5C, 0x43, 0xE5, 0xEF, 0x70, 0x43, 0x00, 0x00, 0x48, 0x43,
  0x5B, 0xED, 0x8F, 0x43, 0x6B, 0xD9, 0x7E, 0x43, 0x00, 0x00, 0xA2, 0x15, 0x7F, 0x3F, 0x3E, 0x65,
  0x53, 0x3C, 0xB6, 0x04, 0xAB, 0xBD, 0x00, 0x00, 0x48, 0x43, 0x5B, 0xED, 0x8F, 0x43, 0x6B, 0xD9,
  0x7E, 0x43, 0x99, 0xB3, 0x47, 0x43, 0xC6, 0xDC, 0x5C, 0x43, 0xE5, 0xEF, 0x70, 0x43, 0xF6, 0x3F,
  0x47, 0x43, 0x1C, 0x4A, 0x87, 0x43, 0x90, 0x3A, 0x73, 0x43, 0x00, 0x00, 0xE4, 0x6E, 0x7E, 0x3F,
  0xF2, 0xB3, 0xDF, 0xBD, 0xD4, 0x27, 0x87, 0x3C, 0x00, 0x00, 0x48, 0x43, 0x5B, 0xED, 0x8F, 0x43,
  0x6B, 0xD9, 0x7E, 0x43, 0xA0, 0x3F, 0x47, 0x43, 0xD1, 0xE4, 0x8A, 0x43, 0x84, 0x78, 0x69, 0x43,
  0x8E, 0xF8, 0x47, 0x43, 0x6E, 0x4C, 0x8B, 0x43, 0x13, 0x50, 0x43, 0x43, 0x00, 0x00, 0xD8, 0x0A,
  0xB4, 0x3E, 0x36, 0xF2, 0x69, 0x3F, 0x53, 0xE6, 0x4F, 0x3E, 0x8E, 0xF8, 0x47, 0x43, 0x6E, 0x4C,
  0x8B, 0x43, 0x13, 0x50, 0x43, 0x43, 0x21, 0xFE, 0x47, 0x43, 0x42, 0xA7, 0x8F, 0x43, 0x74, 0x12,
  0x1C, 0x43, 0x19, 0x80, 0x46, 0x43, 0xBC, 0xD6, 0x8F, 0x43, 0xB7, 0xFC, 0x1C, 0x43, 0x00, 0x00,
  0xD8, 0x0A, 0xB4, 0xBE, 0x36, 0xF2, 0x69, 0xBF, 0x53, 0xE6, 0x4F, 0xBE, 0x8E, 0xF8, 0x47, 0x43,
  0x6E, 0x4C, 0x8B, 0x43, 0x13, 0x50, 0x43, 0x43, 0x19, 0x80, 0x46, 0x43, 0xBC, 0xD6, 0x8F, 0x43,
  0xB7, 0xFC, 0x1C, 0x43, 0x21, 0xFE, 0x47, 0x43, 0x42, 0xA7, 0x8F, 0x43, 0x74, 0x12, 0x1C, 0x43,
  0x00, 0x00, 0xC0, 0xFF, 0x7F, 0x3F, 0xE3, 0x27, 0x35, 0xBB, 0x9D, 0x1C, 0x76, 0xB8, 0x00, 0x00,
  0x48, 0x43, 0x5B, 0xED, 0x8F, 0x43, 0x6B, 0xD9, 0x7E, 0x43, 0x8E, 0xF8, 0x47, 0x43, 0x6E, 0x4C,
  0x8B, 0x43, 0x13, 0x50, 0x43, 0x43, 0x21, 0xFE, 0x47, 0x43, 0x42, 0xA7, 0x8F, 0x43, 0x74, 0x12,
  0x1C, 0x43, 0x00, 0x00, 0xE0, 0xEA, 0x7E, 0x3F, 0x09, 0x52, 0x05, 0x3A, 0x72, 0x23, 0xBC, 0x3D,
  0x00, 0x00, 0x48, 0x43, 0xAD, 0xF4, 0x8F, 0x43, 0x8D, 0x08, 0x63, 0x42, 0xAC, 0xCF, 0x46, 0x43,
  0x8D, 0x75, 0x60, 0x43, 0xBB, 0xFD, 0x8B, 0x42, 0x00, 0x00, 0x48, 0x43, 0x6F, 0xB5, 0xB5, 0x42,
  0xA9, 0x65, 0x67, 0x42, 0x00, 0x00, 0xBE, 0xDB, 0x7F, 0x3F, 0x4C, 0x22, 0x49, 0xBC, 0x96, 0x38,
  0xFD, 0x3C, 0x00, 0x00, 0x48, 0x43, 0xAD, 0xF4, 0x8F, 0x43, 0x8D, 0x08, 0x63, 0x42, 0x7B, 0x6E,
  0x47, 0x43, 0x19, 0x53, 0x88, 0x43, 0xF4, 0x26, 0x8A, 0x42, 0xAC, 0xCF, 0x46, 0x43, 0x8D, 0x75,
  0x60, 0x43, 0xBB, 0xFD, 0x8B, 0x42, 0x00, 0x00, 0x7C, 0x20, 0x7D, 0x3F, 0xBF, 0xFB, 0x18, 0xBE,
  0x6E, 0xA7, 0x35, 0xBA, 0xE6, 0xFF, 0x47, 0x43, 0x8E, 0xCF, 0x8F, 0x43, 0xB8, 0x6E, 0xED, 0x42,
  0x30, 0x98, 0x46, 0x43, 0x09, 0x2A, 0x8B, 0x43, 0xAA, 0xA1, 0xEA, 0x42, 0x00, 0x00, 0x48, 0x43,
  0xAD, 0xF4, 0x8F, 0x43, 0x8D, 0x08, 0x63, 0x42, 0x00, 0x00, 0x59, 0xE4, 0x7F, 0x3F, 0x8C, 0xC8,
  0xAD, 0xBC, 0x31, 0x8D, 0xA2, 0x3C, 0x00, 0x00, 0x48, 0x43, 0xAD, 0xF4, 0x8F, 0x43, 0x8D, 0x08,
  0x63, 0x42, 0x30, 0x98, 0x46, 0x43, 0x09, 0x2A, 0x8B, 0x43, 0xAA, 0xA1, 0xEA, 0x42, 0x7B, 0x6E,
  0x47, 0x43, 0x19, 0x53, 0x88, 0x43, 0xF4, 0x26, 0x8A, 0x42, 0x00, 0x00, 0x24, 0x4E, 0x7F, 0x3F,
  0x27, 0x4A, 0x4D, 0xBC, 0x14, 0x95, 0x94, 0xBD, 0x00, 0x00, 0x48, 0x43, 0xB8, 0x9A, 0x1C, 0x43,
  0x6A, 0x59, 0x0D, 0x43, 0x65, 0xD3, 0x46, 0x43, 0x59, 0x10, 0x7B, 0x43, 0xC1, 0xC9, 0xD9, 0x42,
  0xE6, 0xFF, 0x47, 0x43, 0x8E, 0xCF, 0x8F, 0x43, 0xB8, 0x6E, 0xED, 0x42, 0x00, 0x00, 0x1E, 0x32,
  0x30, 0xBF, 0x73, 0xC7, 0x55, 0x3E, 0x8A, 0xDC, 0x31, 0xBF, 0xE6, 0xFF, 0x47, 0x43, 0x8E, 0xCF,
  0x8F, 0x43, 0xB8, 0x6E, 0xED, 0x42, 0x65, 0xD3, 0x46, 0x43, 0x59, 0x10, 0x7B, 0x43, 0xC1, 0xC9,
  0xD9, 0x42, 0x30, 0x98, 0x46, 0x43, 0x09, 0x2A, 0x8B, 0x43, 0xAA, 0xA1, 0xEA, 0x42, 0x00, 0x00,
  0xFD, 0xFF, 0x7F, 0x3F, 0x51, 0x10, 0xD7, 0xB6, 0xE5, 0x13, 0x11, 0x3A, 0x8E, 0xF8, 0x47, 0x43,
  0x6E, 0x4C, 0x8B, 0x43, 0x13, 0x50, 0x43, 0x43, 0x00, 0x00, 0x48, 0x43, 0xB8, 0x9A, 0x1C, 0x43,
  0x6A, 0x59, 0x0D, 0x43, 0x21, 0xFE, 0x47, 0x43, 0x42, 0xA7, 0x8F, 0x43, 0x74, 0x12, 0x1C, 0x43,
  0x00, 0x00, 0x00, 0x00, 0x80, 0x3F, 0x19, 0x03, 0x13, 0x38, 0xED, 0x5E, 0x42, 0x39, 0x21, 0xFE,
  0x47, 0x43, 0x42, 0xA7, 0x8F, 0x43, 0x74, 0x12, 0x1C, 0x43, 0x00, 0x00, 0x48, 0x43, 0xB8, 0x9A,
  0x1C, 0x43, 0x6A, 0x59, 0x0D, 0x43, 0xE6, 0xFF, 0x47, 0x43, 0x8E, 0xCF, 0x8F, 0x43, 0xB8, 0x6E,
  0xED, 0x42, 0x00, 0x00, 0x79, 0xFB, 0x7F, 0x3F, 0xB5, 0x07, 0x1C, 0x3C, 0x0F, 0xAF, 0xE1, 0xBB,
  0xAC, 0xCF, 0x46, 0x43, 0x8D, 0x75, 0x60, 0x43, 0xBB, 0xFD, 0x8B, 0x42, 0x65, 0xD3, 0x46, 0x43,
  0x59, 0x10, 0x7B, 0x43, 0xC1, 0xC9, 0xD9, 0x42, 0x00, 0x00, 0x48, 0x43, 0x6F, 0xB5, 0xB5, 0x42,
  0xA9, 0x65, 0x67, 0x42, 0x00, 0x00, 0xEB, 0xFA, 0x7F, 0x3F, 0x5D, 0x4A, 0x20, 0x3C, 0xFA, 0x6E,
  0xFC, 0xBB, 0x00, 0x00, 0x48, 0x43, 0x6F, 0xB5, 0xB5, 0x42, 0xA9, 0x65, 0x67, 0x42, 0x65, 0xD3,
  0x46, 0x43, 0x59, 0x10, 0x7B, 0x43, 0xC1, 0xC9, 0xD9, 0x42, 0x00, 0x00, 0x48, 0x43, 0xB8, 0x9A,
  0x1C, 0x43, 0x6A, 0x59, 0x0D, 0x43, 0x00, 0x00, 0x00, 0x00, 0x80, 0x3F, 0x78, 0x23, 0xDD, 0xB6,
  0xF7, 0x22, 0xAE, 0x36, 0x00, 0x00, 0x48, 0x43, 0x6F, 0xB5, 0xB5, 0x42, 0xA9, 0x65, 0x67, 0x42,
  0x00, 0x00, 0x48, 0x43, 0xB8, 0x9A, 0x1C, 0x43, 0x6A, 0x59, 0x0D, 0x43, 0xEB, 0xFF, 0x47, 0x43,
  0x72, 0x8B, 0xB6, 0x42, 0x68, 0x67, 0xED, 0x42, 0x00, 0x00, 0x00, 0x00, 0x80, 0x3F, 0xC4, 0x91,
  0x45, 0xB8, 0x97, 0xFB, 0xFF, 0x38, 0x00, 0x00, 0x48, 0x43, 0xB8, 0x9A, 0x1C, 0x43, 0x6A, 0x59,
  0x0D, 0x43, 0xBF, 0xFE, 0x47, 0x43, 0xF1, 0x44, 0xB6, 0x42, 0xEC, 0x3F, 0x1C, 0x43, 0xEB, 0xFF,
  0x47, 0x43, 0x72, 0x8B, 0xB6, 0x42, 0x68, 0x67, 0xED, 0x42, 0x00, 0x00, 0x68, 0xFF, 0x7F, 0x3F,
  0xE1, 0x6B, 0xC7, 0xBA, 0x8B, 0x5D, 0x82, 0x3B, 0x00, 0x00, 0x48, 0x43, 0xB8, 0x9A, 0x1C, 0x43,
  0x6A, 0x59, 0x0D, 0x43, 0x8E, 0xF8, 0x47, 0x43, 0x6E, 0x4C, 0x8B, 0x43, 0x13, 0x50, 0x43, 0x43,
  0x99, 0xB3, 0x47, 0x43, 0xC6, 0xDC, 0x5C, 0x43, 0xE5, 0xEF, 0x70, 0x43, 0x00, 0x00, 0xB6, 0xFF,
  0x7F, 0x3F, 0x84, 0x49, 0x30, 0x3B, 0x2D, 0x4B, 0xA5, 0x3A, 0x00, 0x00, 0x48, 0x43, 0xB8, 0x9A,
  0x1C, 0x43, 0x6A, 0x59, 0x0D, 0x43, 0x99, 0xB3, 0x47, 0x43, 0xC6, 0xDC, 0x5C, 0x43, 0xE5, 0xEF,
  0x70, 0x43, 0xF9, 0xFF, 0x47, 0x43, 0x84, 0x43, 0x05, 0x43, 0xCE, 0x39, 0x3F, 0x43, 0x00, 0x00,
  0x00, 0x00, 0x80, 0x3F, 0xA5, 0x8A, 0xAE, 0xB8, 0x2A, 0xC2, 0x19, 0xB8, 0x00, 0x00, 0x48, 0x43,
  0xB8, 0x9A, 0x1C, 0x43, 0x6A, 0x59, 0x0D, 0x43, 0xF9, 0xFF, 0x47, 0x43, 0x84, 0x43, 0x05, 0x43,
  0xCE, 0x39, 0x3F, 0x43, 0xBF, 0xFE, 0x47, 0x43, 0xF1, 0x44, 0xB6, 0x42, 0xEC, 0x3F, 0x1C, 0x43,
  0x00, 0x00, 0x00, 0x00, 0x80, 0x3F, 0xAB, 0x70, 0x97, 0xB8, 0x0F, 0x69, 0x51, 0xB8, 0xBF, 0xFE,
  0x47, 0x43, 0xF1, 0x44, 0xB6, 0x42, 0xEC, 0x3F, 0x1C, 0x43, 0xF9, 0xFF, 0x47, 0x43, 0x84, 0x43,
  0x05, 0x43, 0xCE, 0x39, 0x3F, 0x43, 0x00, 0x00, 0x48, 0x43, 0x70, 0xB5, 0xB5, 0x42, 0x6B, 0xD9,
  0x7E, 0x43, 0x00, 0x00, 0xB6, 0xFF, 0x7F, 0x3F, 0x6A, 0xFB, 0x21, 0x3B, 0x85, 0xB5, 0xD7, 0x3A,
  0x99, 0xB3, 0x47, 0x43, 0xC6, 0xDC, 0x5C, 0x43, 0xE5, 0xEF, 0x70, 0x43, 0x00, 0x00, 0x48, 0x43,
  0x70, 0xB5, 0xB5, 0x42, 0x6B, 0xD9, 0x7E, 0x43, 0xF9, 0xFF, 0x47, 0x43, 0x84, 0x43, 0x05, 0x43,
  0xCE, 0x39, 0x3F, 0x43, 0x00, 0x00, 0x2F, 0x79, 0x7D, 0xBF, 0x7B, 0xB9, 0xB7, 0x3D, 0x31, 0x85,
  0xDC, 0x3D, 0x00, 0x80, 0x46, 0x43, 0x15, 0x68, 0x83, 0x43, 0xF3, 0xEF, 0x42, 0x43, 0x99, 0xB3,
  0x47, 0x43, 0xC6, 0xDC, 0x5C, 0x43, 0xE5, 0xEF, 0x70, 0x43, 0x8E, 0xF8, 0x47, 0x43, 0x6E, 0x4C,
  0x8B, 0x43, 0x13, 0x50, 0x43, 0x43, 0x00, 0x00, 0x93, 0xBE, 0xB3, 0xBD, 0x98, 0x97, 0x27, 0x39,
  0x1B, 0x03, 0x7F, 0xBF, 0x01, 0x00, 0xF0, 0x42, 0xA9, 0x1E, 0xE5, 0x42, 0xF8, 0xE4, 0x64, 0x42,
  0x08, 0x00, 0x02, 0x43, 0xB7, 0x9A, 0x1C, 0x43, 0xA9, 0x65, 0x61, 0x42, 0x02, 0x00, 0xF0, 0x42,
  0x38, 0xFE, 0xB2, 0x42, 0xD9, 0xE0, 0x64, 0x42, 0x00, 0x00, 0xA6, 0xFD, 0x86, 0x3C, 0x94, 0xE6,
  0xB5, 0x3A, 0x0A, 0xF7, 0x7F, 0x3F, 0x56, 0xC4, 0x07, 0x43, 0x26, 0xAA, 0x89, 0x43, 0x71, 0x56,
  0x67, 0x42, 0x75, 0x53, 0x14, 0x43, 0x32, 0x2B, 0x7B, 0x43, 0xD5, 0xA4, 0x66, 0x42, 0x00, 0x00,
  0x48, 0x43, 0xAD, 0xF4, 0x8F, 0x43, 0x8D, 0x08, 0x63, 0x42, 0x00, 0x00, 0xE5, 0x15, 0x95, 0xBC,
  0xC4, 0x7F, 0xF2, 0x3B, 0x5A, 0xF3, 0x7F, 0xBF, 0x56, 0xC4, 0x07, 0x43, 0x26, 0xAA, 0x89, 0x43,
  0x71, 0x56, 0x67, 0x42, 0x00, 0x00, 0x48, 0x43, 0xAD, 0xF4, 0x8F, 0x43, 0x8D, 0x08, 0x63, 0x42,
  0x5A, 0x91, 0x38, 0x43, 0xD7, 0x78, 0x8A, 0x43, 0x11, 0xD5, 0x63, 0x42, 0x00, 0x00, 0x3C, 0xF8,
  0x85, 0xBC, 0xA2, 0x64, 0x9D, 0x3B, 0x7B, 0xF6, 0x7F, 0xBF, 0x00, 0x00, 0x48, 0x43, 0xAD, 0xF4,
  0x8F, 0x43, 0x8D, 0x08, 0x63, 0x42, 0xE9, 0x85, 0x3C, 0x43, 0x9D, 0x66, 0x60, 0x43, 0x59, 0x90,
  0x62, 0x42, 0x5A, 0x91, 0x38, 0x43, 0xD7, 0x78, 0x8A, 0x43, 0x11, 0xD5, 0x63, 0x42, 0x00, 0x00,
  0xA9, 0x93, 0xEF, 0xBC, 0xE2, 0x6C, 0x9D, 0xBB, 0x36, 0xE3, 0x7F, 0xBF, 0xF0, 0xFF, 0xA9, 0x42,
  0xB7, 0x9A, 0x1C, 0x43, 0xA9, 0x65, 0x61, 0x42, 0x73, 0x70, 0xF3, 0x41, 0xEF, 0x78, 0x66, 0x43,
  0x09, 0x5D, 0x66, 0x42, 0x43, 0x65, 0x7D, 0x42, 0x85, 0xC3, 0x89, 0x43, 0x06, 0xA5, 0x61, 0x42,
  0x00, 0x00, 0xEE, 0x80, 0x03, 0x3D, 0x0C, 0xD0, 0xF7, 0x3A, 0x19, 0xDE, 0x7F, 0xBF, 0xB1, 0xEF,
  0x12, 0x34, 0x6E, 0xB5, 0xB5, 0x42, 0xA9, 0x65, 0x61, 0x42, 0xBD, 0x27, 0x16, 0x41, 0x49, 0xDE,
  0x88, 0x43, 0x9A, 0xFC, 0x63, 0x42, 0x73, 0x70, 0xF3, 0x41, 0xEF, 0x78, 0x66, 0x43, 0x09, 0x5D,
  0x66, 0x42, 0x00, 0x00, 0xDE, 0x8A, 0x07, 0xBC, 0xC8, 0x39, 0x2F, 0x3C, 0x02, 0xFA, 0x7F, 0xBF,
  0xB1, 0xEF, 0x12, 0x34, 0x6E, 0xB5, 0xB5, 0x42, 0xA9, 0x65, 0x61, 0x42, 0x73, 0x70, 0xF3, 0x41,
  0xEF, 0x78, 0x66, 0x43, 0x09, 0x5D, 0x66, 0x42, 0xF0, 0xFF, 0xA9, 0x42, 0xB7, 0x9A, 0x1C, 0x43,
  0xA9, 0x65, 0x61, 0x42, 0x00, 0x00, 0x4F, 0x1A, 0xF1, 0xBB, 0xEE, 0x5D, 0x80, 0x3B, 0xB9, 0xFD,
  0x7F, 0xBF, 0x0E, 0x02, 0xD1, 0x35, 0x5B, 0xED, 0x8F, 0x43, 0xF2, 0x7B, 0x64, 0x42, 0xBD, 0x27,
  0x16, 0x41, 0x49, 0xDE, 0x88, 0x43, 0x9A, 0xFC, 0x63, 0x42, 0xB1, 0xEF, 0x12, 0x34, 0x6E, 0xB5,
  0xB5, 0x42, 0xA9, 0x65, 0x61, 0x42, 0x00, 0x00, 0xC3, 0x9E, 0xFC, 0x3C, 0x47, 0x18, 0xA0, 0x3B,
  0x0D, 0xE0, 0x7F, 0xBF, 0xF0, 0xFF, 0xA9, 0x42, 0xB7, 0x9A, 0x1C, 0x43, 0xA9, 0x65, 0x61, 0x42,
  0x16, 0x7C, 0x80, 0x42, 0x02, 0xD0, 0x8F, 0x43, 0xAE, 0x65, 0x61, 0x42, 0x01, 0x00, 0xF0, 0x42,
  0xA9, 0x1E, 0xE5, 0x42, 0xF8, 0xE4, 0x64, 0x42, 0x00, 0x00, 0x73, 0x34, 0x27, 0x3C, 0x71, 0x79,
  0x49, 0xBC, 0xA2, 0xF7, 0x7F, 0xBF, 0xF0, 0xFF, 0xA9, 0x42, 0xB7, 0x9A, 0x1C, 0x43, 0xA9, 0x65,
  0x61, 0x42, 0x01, 0x00, 0xF0, 0x42, 0xA9, 0x1E, 0xE5, 0x42, 0xF8, 0xE4, 0x64, 0x42, 0x00, 0x00,
  0xA0, 0x42, 0x31, 0x08, 0xC0, 0x42, 0x70, 0x2C, 0x64, 0x42, 0x00, 0x00, 0x0E, 0x4E, 0xBE, 0xBB,
  0x67, 0xD5, 0x33, 0xBC, 0xF2, 0xFA, 0x7F, 0xBF, 0x00, 0x00, 0xA0, 0x42, 0x31, 0x08, 0xC0, 0x42,
  0x70, 0x2C, 0x64, 0x42, 0xA0, 0xD9, 0xFC, 0x41, 0x0D, 0x43, 0xBD, 0x42, 0xD4, 0x5B, 0x65, 0x42,
  0xF0, 0xFF, 0xA9, 0x42, 0xB7, 0x9A, 0x1C, 0x43, 0xA9, 0x65, 0x61, 0x42, 0x00, 0x00, 0x2D, 0xBC,
  0xA0, 0xBA, 0xB2, 0xA6, 0x07, 0x3B, 0xCF, 0xFF, 0x7F, 0xBF, 0x00, 0x00, 0x48, 0x43, 0xA8, 0x8F,
  0xB4, 0x42, 0xA9, 0x65, 0x61, 0x42, 0xE9, 0x85, 0x3C, 0x43, 0x9D, 0x66, 0x60, 0x43, 0x59, 0x90,
  0x62, 0x42, 0x00, 0x00, 0x48, 0x43, 0xAD, 0xF4, 0x8F, 0x43, 0x8D, 0x08, 0x63, 0x42, 0x00, 0x00,
  0xC1, 0x57, 0x05, 0xBD, 0xC7, 0xBB, 0x0C, 0xBD, 0x8C, 0xB6, 0x7F, 0xBF, 0x00, 0x00, 0x48, 0x43,
  0xA8, 0x8F, 0xB4, 0x42, 0xA9, 0x65, 0x61, 0x42, 0x8D, 0x20, 0x23, 0x43, 0x8A, 0xD6, 0xB7, 0x42,
  0x83, 0xFA, 0x65, 0x42, 0x08, 0x00, 0x02, 0x43, 0xB7, 0x9A, 0x1C, 0x43, 0xA9, 0x65, 0x61, 0x42,
  0x00, 0x00, 0x47, 0xF5, 0x12, 0x3B, 0x7C, 0x1A, 0x1B, 0x3B, 0xA7, 0xFF, 0x7F, 0xBF, 0x00, 0x00,
  0x48, 0x43, 0xA8, 0x8F, 0xB4, 0x42, 0xA9, 0x65, 0x61, 0x42, 0x08, 0x00, 0x02, 0x43, 0xB7, 0x9A,
  0x1C, 0x43, 0xA9, 0x65, 0x61, 0x42, 0xE9, 0x85, 0x3C, 0x43, 0x9D, 0x66, 0x60, 0x43, 0x59, 0x90,
  0x62, 0x42, 0x00, 0x00, 0x66, 0x21, 0x6A, 0xBC, 0x0B, 0x4A, 0x88, 0x3C, 0x3D, 0xF0, 0x7F, 0xBF,
  0xE9, 0x85, 0x3C, 0x43, 0x9D, 0x66, 0x60, 0x43, 0x59, 0x90, 0x62, 0x42, 0x08, 0x00, 0x02, 0x43,
  0xB7, 0x9A, 0x1C, 0x43, 0xA9, 0x65, 0x61, 0x42, 0x75, 0x53, 0x14, 0x43, 0x32, 0x2B, 0x7B, 0x43,
  0xD5, 0xA4, 0x66, 0x42, 0x00, 0x00, 0xCA, 0x2D, 0xE6, 0xBC, 0xAF, 0x0B, 0x67, 0xBC, 0x9B, 0xDF,
  0x7F, 0xBF, 0x16, 0x7C, 0x80, 0x42, 0x02, 0xD0, 0x8F, 0x43, 0xAE, 0x65, 0x61, 0x42, 0x08, 0x00,
  0x02, 0x43, 0xB7, 0x9A, 0x1C, 0x43, 0xA9, 0x65, 0x61, 0x42, 0x01, 0x00, 0xF0, 0x42, 0xA9, 0x1E,
  0xE5, 0x42, 0xF8, 0xE4, 0x64, 0x42, 0x00, 0x00, 0x73, 0x85, 0x17, 0x3D, 0xFB, 0xE1, 0x43, 0xBD,
  0x1C, 0x88, 0x7F, 0xBF, 0xA0, 0xD9, 0xFC, 0x41, 0x0D, 0x43, 0xBD, 0x42, 0xD4, 0x5B, 0x65, 0x42,
  0xB1, 0xEF, 0x12, 0x34, 0x6E, 0xB5, 0xB5, 0x42, 0xA9, 0x65, 0x61, 0x42, 0xF0, 0xFF, 0xA9, 0x42,
  0xB7, 0x9A, 0x1C, 0x43, 0xA9, 0x65, 0x61, 0x42, 0x00, 0x00, 0x0A, 0x2B, 0xCF, 0x3D, 0x49, 0x2E,
  0xBE, 0xBB, 0xBA, 0xAE, 0x7E, 0xBF, 0xFE, 0x7F, 0x09, 0x43, 0x2B, 0xA2, 0x8F, 0x43, 0xFA, 0x65,
  0x61, 0x42, 0x75, 0x53, 0x14, 0x43, 0x32, 0x2B, 0x7B, 0x43, 0xD5, 0xA4, 0x66, 0x42, 0x08, 0x00,
  0x02, 0x43, 0xB7, 0x9A, 0x1C, 0x43, 0xA9, 0x65, 0x61, 0x42, 0x00, 0x00, 0xC5, 0xBF, 0xE1, 0x3B,
  0x06, 0x3F, 0x0C, 0xBD, 0x04, 0xD8, 0x7F, 0xBF, 0x00, 0x00, 0x48, 0x43, 0xAD, 0xF4, 0x8F, 0x43,
  0x8D, 0x08, 0x63, 0x42, 0x75, 0x53, 0x14, 0x43, 0x32, 0x2B, 0x7B, 0x43, 0xD5, 0xA4, 0x66, 0x42,
  0xFE, 0x7F, 0x09, 0x43, 0x2B, 0xA2, 0x8F, 0x43, 0xFA, 0x65, 0x61, 0x42, 0x00, 0x00, 0x6C, 0xCC,
  0xEA, 0x3B, 0x68, 0xF2, 0x65, 0xBC, 0xDD, 0xF7, 0x7F, 0xBF, 0x02, 0x00, 0xF0, 0x42, 0x38, 0xFE,
  0xB2, 0x42, 0xD9, 0xE0, 0x64, 0x42, 0x08, 0x00, 0x02, 0x43, 0xB7, 0x9A, 0x1C, 0x43, 0xA9, 0x65,
  0x61, 0x42, 0x8D, 0x20, 0x23, 0x43, 0x8A, 0xD6, 0xB7, 0x42, 0x83, 0xFA, 0x65, 0x42, 0x00, 0x00,
  0xA0, 0x85, 0x02, 0xBB, 0x91, 0xF8, 0xD0, 0xBE, 0xC1, 0xB4, 0x69, 0xBF, 0xFE, 0x7F, 0x09, 0x43,
  0x2B, 0xA2, 0x8F, 0x43, 0xFA, 0x65, 0x61, 0x42, 0x18, 0x0A, 0xC8, 0x42, 0xF4, 0x02, 0x8E, 0x43,
  0xCB, 0x86, 0x67, 0x42, 0x16, 0x7C, 0x80, 0x42, 0x02, 0xD0, 0x8F, 0x43, 0xAE, 0x65, 0x61, 0x42,
  0x00, 0x00, 0x48, 0x4B, 0x85, 0x36, 0x49, 0x32, 0x10, 0x36, 0x00, 0x00, 0x80, 0xBF, 0x08, 0x00,
  0x02, 0x43, 0xB7, 0x9A, 0x1C, 0x43, 0xA9, 0x65, 0x61, 0x42, 0x16, 0x7C, 0x80, 0x42, 0x02, 0xD0,
  0x8F, 0x43, 0xAE, 0x65, 0x61, 0x42, 0xFE, 0x7F, 0x09, 0x43, 0x2B, 0xA2, 0x8F, 0x43, 0xFA, 0x65,
  0x61, 0x42, 0x00, 0x00, 0xA0, 0x85, 0x02, 0x3B, 0x91, 0xF8, 0xD0, 0x3E, 0xC1, 0xB4, 0x69, 0x3F,
  0xFE, 0x7F, 0x09, 0x43, 0x2B, 0xA2, 0x8F, 0x43, 0xFA, 0x65, 0x61, 0x42, 0x16, 0x7C, 0x80, 0x42,
  0x02, 0xD0, 0x8F, 0x43, 0xAE, 0x65, 0x61, 0x42, 0x18, 0x0A, 0xC8, 0x42, 0xF4, 0x02, 0x8E, 0x43,
  0xCB, 0x86, 0x67, 0x42, 0x00, 0x00, 0x75, 0x4B, 0xB4, 0xBC, 0x6B, 0x80, 0x64, 0xBB, 0xBA, 0xEF,
  0x7F, 0xBF, 0x43, 0x65, 0x7D, 0x42, 0x85, 0xC3, 0x89, 0x43, 0x06, 0xA5, 0x61, 0x42, 0x16, 0x7C,
  0x80, 0x42, 0x02, 0xD0, 0x8F, 0x43, 0xAE, 0x65, 0x61, 0x42, 0xF0, 0xFF, 0xA9, 0x42, 0xB7, 0x9A,
  0x1C, 0x43, 0xA9, 0x65, 0x61, 0x42, 0x00, 0x00, 0xB3, 0x9B, 0x32, 0xBC, 0xA0, 0xB1, 0xCC, 0x3A,
  0x07, 0xFC, 0x7F, 0xBF, 0xBD, 0x27, 0x16, 0x41, 0x49, 0xDE, 0x88, 0x43, 0x9A, 0xFC, 0x63, 0x42,
  0x0E, 0x02, 0xD1, 0x35, 0x5B, 0xED, 0x8F, 0x43, 0xF2, 0x7B, 0x64, 0x42, 0x43, 0x65, 0x7D, 0x42,
  0x85, 0xC3, 0x89, 0x43, 0x06, 0xA5, 0x61, 0x42, 0x00, 0x00, 0x53, 0x0D, 0x45, 0xBC, 0x5E, 0x6F,
  0x8A, 0xBB, 0xAD, 0xFA, 0x7F, 0xBF, 0x43, 0x65, 0x7D, 0x42, 0x85, 0xC3, 0x89, 0x43, 0x06, 0xA5,
  0x61, 0x42, 0x0E, 0x02, 0xD1, 0x35, 0x5B, 0xED, 0x8F, 0x43, 0xF2, 0x7B, 0x64, 0x42, 0x16, 0x7C,
  0x80, 0x42, 0x02, 0xD0, 0x8F, 0x43, 0xAE, 0x65, 0x61, 0x42, 0x00, 0x00, 0x24, 0xFC, 0xF2, 0x3D,
  0x1A, 0x31, 0x7E, 0xBF, 0x32, 0xAE, 0xAD, 0x36, 0x84, 0x57, 0x2A, 0x32, 0x6F, 0xB5, 0xB5, 0x42,
  0xA9, 0x65, 0x67, 0x42, 0xB1, 0xEF, 0x12, 0x34, 0x6E, 0xB5, 0xB5, 0x42, 0xA9, 0x65, 0x61, 0x42,
  0xA0, 0xD9, 0xFC, 0x41, 0x0D, 0x43, 0xBD, 0x42, 0xD4, 0x5B, 0x65, 0x42, 0x00, 0x00, 0x00, 0x00,
  0x80, 0xBF, 0x41, 0x90, 0x01, 0x32, 0x51, 0xB8, 0xB5, 0xB3, 0x84, 0x57, 0x2A, 0x32, 0x6F, 0xB5,
  0xB5, 0x42, 0xA9, 0x65, 0x67, 0x42, 0x0E, 0x02, 0xD1, 0x35, 0x5B, 0xED, 0x8F, 0x43, 0xF2, 0x7B,
  0x64, 0x42, 0xB1, 0xEF, 0x12, 0x34, 0x6E, 0xB5, 0xB5, 0x42, 0xA9, 0x65, 0x61, 0x42, 0x00, 0x00,
  0x28, 0xC8, 0x00, 0xBC, 0x2D, 0x12, 0x74, 0x3F, 0x3F, 0x6B, 0x9A, 0xBE, 0xEE, 0x1A, 0x08, 0x43,
  0x6C, 0xDD, 0x8F, 0x43, 0xA9, 0x65, 0x67, 0x42, 0x00, 0x00, 0x48, 0x43, 0xAD, 0xF4, 0x8F, 0x43,
  0x8D, 0x08, 0x63, 0x42, 0xFE, 0x7F, 0x09, 0x43, 0x2B, 0xA2, 0x8F, 0x43, 0xFA, 0x65, 0x61, 0x42,
  0x00, 0x00, 0xB1, 0x4A, 0x99, 0x3B, 0xC9, 0xEB, 0x74, 0x3F, 0x25, 0xF9, 0x94, 0xBE, 0xEE, 0x1A,
  0x08, 0x43, 0x6C, 0xDD, 0x8F, 0x43, 0xA9, 0x65, 0x67, 0x42, 0xFE, 0x7F, 0x09, 0x43, 0x2B, 0xA2,
  0x8F, 0x43, 0xFA, 0x65, 0x61, 0x42, 0x16, 0x7C, 0x80, 0x42, 0x02, 0xD0, 0x8F, 0x43, 0xAE, 0x65,
  0x61, 0x42, 0x00, 0x00, 0x90, 0x77, 0xE0, 0x3A, 0x60, 0x0F, 0x7D, 0x3F, 0xF0, 0xBB, 0x1A, 0xBE,
  0xEE, 0x1A, 0x08, 0x43, 0x6C, 0xDD, 0x8F, 0x43, 0xA9, 0x65, 0x67, 0x42, 0x16, 0x7C, 0x80, 0x42,
  0x02, 0xD0, 0x8F, 0x43, 0xAE, 0x65, 0x61, 0x42, 0x0E, 0x02, 0xD1, 0x35, 0x5B, 0xED, 0x8F, 0x43,
  0xF2, 0x7B, 0x64, 0x42, 0x00, 0x00, 0x00, 0x00, 0x80, 0x3F, 0x66, 0x46, 0x88, 0x31, 0x1B, 0x8F,
  0xE7, 0xB4, 0x00, 0x00, 0x48, 0x43, 0x6F, 0xB5, 0xB5, 0x42, 0xA9, 0x65, 0x67, 0x42, 0x00, 0x00,
  0x48, 0x43, 0xA8, 0x8F, 0xB4, 0x42, 0xA9, 0x65, 0x61, 0x42, 0x00, 0x00, 0x48, 0x43, 0xAD, 0xF4,
  0x8F, 0x43, 0x8D, 0x08, 0x63, 0x42, 0x00, 0x00, 0xDE, 0xF4, 0xF8, 0xBC, 0x42, 0xFE, 0x6E, 0xBF,
  0x5A, 0xD7, 0xB6, 0x3E, 0x00, 0x00, 0x48, 0x43, 0x6F, 0xB5, 0xB5, 0x42, 0xA9, 0x65, 0x67, 0x42,
  0x8D, 0x20, 0x23, 0x43, 0x8A, 0xD6, 0xB7, 0x42, 0x83, 0xFA, 0x65, 0x42, 0x00, 0x00, 0x48, 0x43,
  0xA8, 0x8F, 0xB4, 0x42, 0xA9, 0x65, 0x61, 0x42, 0x00, 0x00, 0x3C, 0xF8, 0x85, 0x3C, 0xA2, 0x64,
  0x9D, 0xBB, 0x7B, 0xF6, 0x7F, 0x3F, 0x5A, 0x91, 0x38, 0x43, 0xD7, 0x78, 0x8A, 0x43, 0x11, 0xD5,
  0x63, 0x42, 0xE9, 0x85, 0x3C, 0x43, 0x9D, 0x66, 0x60, 0x43, 0x59, 0x90, 0x62, 0x42, 0x00, 0x00,
  0x48, 0x43, 0xAD, 0xF4, 0x8F, 0x43, 0x8D, 0x08, 0x63, 0x42, 0x00, 0x00, 0x19, 0x3C, 0x27, 0xBD,
  0xB9, 0x40, 0xB5, 0x3B, 0x5A, 0xC8, 0x7F, 0x3F, 0x00, 0x00, 0x48, 0x43, 0xAD, 0xF4, 0x8F, 0x43,
  0x8D, 0x08, 0x63, 0x42, 0xE9, 0x85, 0x3C, 0x43, 0x9D, 0x66, 0x60, 0x43, 0x59, 0x90, 0x62, 0x42,
  0x00, 0x00, 0x48, 0x43, 0x6F, 0xB5, 0xB5, 0x42, 0xA9, 0x65, 0x67, 0x42, 0x00, 0x00, 0xE5, 0x15,
  0x95, 0x3C, 0xC4, 0x7F, 0xF2, 0xBB, 0x5A, 0xF3, 0x7F, 0x3F, 0x00, 0x00, 0x48, 0x43, 0xAD, 0xF4,
  0x8F, 0x43, 0x8D, 0x08, 0x63, 0x42, 0x56, 0xC4, 0x07, 0x43, 0x26, 0xAA, 0x89, 0x43, 0x71, 0x56,
  0x67, 0x42, 0x5A, 0x91, 0x38, 0x43, 0xD7, 0x78, 0x8A, 0x43, 0x11, 0xD5, 0x63, 0x42, 0x00, 0x00,
  0x75, 0x2C, 0x8A, 0xBC, 0x2E, 0x1A, 0xB5, 0x3B, 0xAD, 0xF5, 0x7F, 0x3F, 0x84, 0x57, 0x2A, 0x32,
  0x6F, 0xB5, 0xB5, 0x42, 0xA9, 0x65, 0x67, 0x42, 0x73, 0x70, 0xF3, 0x41, 0xEF, 0x78, 0x66, 0x43,
  0x09, 0x5D, 0x66, 0x42, 0xBD, 0x27, 0x16, 0x41, 0x49, 0xDE, 0x88, 0x43, 0x9A, 0xFC, 0x63, 0x42,
  0x00, 0x00, 0x5A, 0x15, 0x9A, 0x3C, 0xC6, 0x37, 0x72, 0x3B, 0xF5, 0xF3, 0x7F, 0x3F, 0x84, 0x57,
  0x2A, 0x32, 0x6F, 0xB5, 0xB5, 0x42, 0xA9, 0x65, 0x67, 0x42, 0xBD, 0x27, 0x16, 0x41, 0x49, 0xDE,
  0x88, 0x43, 0x9A, 0xFC, 0x63, 0x42, 0x0E, 0x02, 0xD1, 0x35, 0x5B, 0xED, 0x8F, 0x43, 0xF2, 0x7B,
  0x64, 0x42, 0x00, 0x00, 0x29, 0x7C, 0x6B, 0xBE, 0x5D, 0x3E, 0x12, 0x3E, 0x0F, 0x71, 0x76, 0xBF,
  0x00, 0x00, 0x7A, 0x42, 0x5C, 0xED, 0x8D, 0x43, 0xA9, 0x65, 0x67, 0x42, 0x43, 0x65, 0x7D, 0x42,
  0x85, 0xC3, 0x89, 0x43, 0x06, 0xA5, 0x61, 0x42, 0x73, 0x70, 0xF3, 0x41, 0xEF, 0x78, 0x66, 0x43,
  0x09, 0x5D, 0x66, 0x42, 0x00, 0x00, 0xB3, 0x9B, 0x32, 0x3C, 0xA0, 0xB1, 0xCC, 0xBA, 0x07, 0xFC,
  0x7F, 0x3F, 0x0E, 0x02, 0xD1, 0x35, 0x5B, 0xED, 0x8F, 0x43, 0xF2, 0x7B, 0x64, 0x42, 0xBD, 0x27,
  0x16, 0x41, 0x49, 0xDE, 0x88, 0x43, 0x9A, 0xFC, 0x63, 0x42, 0x43, 0x65, 0x7D, 0x42, 0x85, 0xC3,
  0x89, 0x43, 0x06, 0xA5, 0x61, 0x42, 0x00, 0x00, 0xF9, 0x5E, 0xB8, 0xBC, 0xA8, 0x82, 0x30, 0xBE,
  0x2F, 0x1A, 0x7C, 0x3F, 0x0E, 0x02, 0xD1, 0x35, 0x5B, 0xED, 0x8F, 0x43, 0xF2, 0x7B, 0x64, 0x42,
  0x43, 0x65, 0x7D, 0x42, 0x85, 0xC3, 0x89, 0x43, 0x06, 0xA5, 0x61, 0x42, 0x00, 0x00, 0x7A, 0x42,
  0x5C, 0xED, 0x8D, 0x43, 0xA9, 0x65, 0x67, 0x42, 0x00, 0x00, 0x4E, 0x91, 0xD5, 0x3B, 0x7E, 0xB5,
  0x62, 0xBC, 0x55, 0xF8, 0x7F, 0x3F, 0x01, 0x00, 0xAA, 0x42, 0xB8, 0x9A, 0x1C, 0x43, 0xA9, 0x65,
  0x67, 0x42, 0xA0, 0xD9, 0xFC, 0x41, 0x0D, 0x43, 0xBD, 0x42, 0xD4, 0x5B, 0x65, 0x42, 0x00, 0x00,
  0xA0, 0x42, 0x31, 0x08, 0xC0, 0x42, 0x70, 0x2C, 0x64, 0x42, 0x00, 0x00, 0x9A, 0x26, 0x7C, 0x3C,
  0xE7, 0x87, 0x07, 0xBB, 0x19, 0xF8, 0x7F, 0x3F, 0x01, 0x00, 0xAA, 0x42, 0xB8, 0x9A, 0x1C, 0x43,
  0xA9, 0x65, 0x67, 0x42, 0x01, 0x00, 0xF0, 0x42, 0xA9, 0x1E, 0xE5, 0x42, 0xF8, 0xE4, 0x64, 0x42,
  0x18, 0x0A, 0xC8, 0x42, 0xF4, 0x02, 0x8E, 0x43, 0xCB, 0x86, 0x67, 0x42, 0x00, 0x00, 0x30, 0xB1,
  0xD0, 0xBB, 0x53, 0x48, 0x28, 0xB9, 0xAC, 0xFE, 0x7F, 0x3F, 0x01, 0x00, 0xF0, 0x42, 0xA9, 0x1E,
  0xE5, 0x42, 0xF8, 0xE4, 0x64, 0x42, 0x02, 0x00, 0xF0, 0x42, 0x38, 0xFE, 0xB2, 0x42, 0xD9, 0xE0,
  0x64, 0x42, 0x8D, 0x20, 0x23, 0x43, 0x8A, 0xD6, 0xB7, 0x42, 0x83, 0xFA, 0x65, 0x42, 0x00, 0x00,
  0xD0, 0x5F, 0xE2, 0x3A, 0xC3, 0x3C, 0x5C, 0xBC, 0xFB, 0xF9, 0x7F, 0x3F, 0x00, 0x00, 0xA0, 0x42,
  0x31, 0x08, 0xC0, 0x42, 0x70, 0x2C, 0x64, 0x42, 0x01, 0x00, 0xF0, 0x42, 0xA9, 0x1E, 0xE5, 0x42,
  0xF8, 0xE4, 0x64, 0x42, 0x01, 0x00, 0xAA, 0x42, 0xB8, 0x9A, 0x1C, 0x43, 0xA9, 0x65, 0x67, 0x42,
  0x00, 0x00, 0x9C, 0x08, 0x5C, 0x3A, 0xD2, 0x36, 0x12, 0x3A, 0xF7, 0xFF, 0x7F, 0x3F, 0x7E, 0x6A,
  0x0B, 0x43, 0xAF, 0x5F, 0x8D, 0x43, 0xA9, 0x65, 0x67, 0x42, 0xEE, 0x1A, 0x08, 0x43, 0x6C, 0xDD,
  0x8F, 0x43, 0xA9, 0x65, 0x67, 0x42, 0x18, 0x0A, 0xC8, 0x42, 0xF4, 0x02, 0x8E, 0x43, 0xCB, 0x86,
  0x67, 0x42, 0x00, 0x00, 0xDB, 0x63, 0x9B, 0x3C, 0xEF, 0xB0, 0x39, 0xBC, 0x00, 0xF0, 0x7F, 0x3F,
  0x00, 0x00, 0x48, 0x43, 0xAD, 0xF4, 0x8F, 0x43, 0x8D, 0x08, 0x63, 0x42, 0x7E, 0x6A, 0x0B, 0x43,
  0xAF, 0x5F, 0x8D, 0x43, 0xA9, 0x65, 0x67, 0x42, 0x56, 0xC4, 0x07, 0x43, 0x26, 0xAA, 0x89, 0x43,
  0x71, 0x56, 0x67, 0x42, 0x00, 0x00, 0x62, 0x93, 0x8B, 0x3C, 0x77, 0x7F, 0x39, 0x3C, 0x49, 0xF2,
  0x7F, 0x3F, 0x00, 0x00, 0x48, 0x43, 0xAD, 0xF4, 0x8F, 0x43, 0x8D, 0x08, 0x63, 0x42, 0xEE, 0x1A,
  0x08, 0x43, 0x6C, 0xDD, 0x8F, 0x43, 0xA9, 0x65, 0x67, 0x42, 0x7E, 0x6A, 0x0B, 0x43, 0xAF, 0x5F,
  0x8D, 0x43, 0xA9, 0x65, 0x67, 0x42, 0x00, 0x00, 0x1E, 0x23, 0x77, 0xBA, 0xD5, 0xAD, 0x92, 0x3C,
  0x77, 0xF5, 0x7F, 0x3F, 0xEE, 0x1A, 0x08, 0x43, 0x6C, 0xDD, 0x8F, 0x43, 0xA9, 0x65, 0x67, 0x42,
  0x00, 0x00, 0x7A, 0x42, 0x5C, 0xED, 0x8D, 0x43, 0xA9, 0x65, 0x67, 0x42, 0x18, 0x0A, 0xC8, 0x42,
  0xF4, 0x02, 0x8E, 0x43, 0xCB, 0x86, 0x67, 0x42, 0x00, 0x00, 0x3D, 0x7A, 0xAB, 0xBB, 0x50, 0x8C,
  0xCB, 0x3D, 0x9C, 0xBA, 0x7E, 0x3F, 0x0E, 0x02, 0xD1, 0x35, 0x5B, 0xED, 0x8F, 0x43, 0xF2, 0x7B,
  0x64, 0x42, 0x00, 0x00, 0x7A, 0x42, 0x5C, 0xED, 0x8D, 0x43, 0xA9, 0x65, 0x67, 0x42, 0xEE, 0x1A,
  0x08, 0x43, 0x6C, 0xDD, 0x8F, 0x43, 0xA9, 0x65, 0x67, 0x42, 0x00, 0x00, 0x4D, 0xDF, 0xA0, 0xBB,
  0x9D, 0xED, 0xF7, 0xBA, 0x18, 0xFF, 0x7F, 0x3F, 0x73, 0x70, 0xF3, 0x41, 0xEF, 0x78, 0x66, 0x43,
  0x09, 0x5D, 0x66, 0x42, 0xA0, 0xD9, 0xFC, 0x41, 0x0D, 0x43, 0xBD, 0x42, 0xD4, 0x5B, 0x65, 0x42,
  0x00, 0x00, 0x7A, 0x42, 0x5C, 0xED, 0x8D, 0x43, 0xA9, 0x65, 0x67, 0x42, 0x00, 0x00, 0xA6, 0xBD,
  0x01, 0xBC, 0x01, 0x86, 0xB7, 0xBA, 0xE2, 0xFD, 0x7F, 0x3F, 0x00, 0x00, 0x7A, 0x42, 0x5C, 0xED,
  0x8D, 0x43, 0xA9, 0x65, 0x67, 0x42, 0xA0, 0xD9, 0xFC, 0x41, 0x0D, 0x43, 0xBD, 0x42, 0xD4, 0x5B,
  0x65, 0x42, 0x01, 0x00, 0xAA, 0x42, 0xB8, 0x9A, 0x1C, 0x43, 0xA9, 0x65, 0x67, 0x42, 0x00, 0x00,
  0x6B, 0xE3, 0x61, 0xBA, 0x93, 0xC3, 0x1F, 0xB9, 0xFA, 0xFF, 0x7F, 0x3F, 0x00, 0x00, 0x7A, 0x42,
  0x5C, 0xED, 0x8D, 0x43, 0xA9, 0x65, 0x67, 0x42, 0x01, 0x00, 0xAA, 0x42, 0xB8, 0x9A, 0x1C, 0x43,
  0xA9, 0x65, 0x67, 0x42, 0x18, 0x0A, 0xC8, 0x42, 0xF4, 0x02, 0x8E, 0x43, 0xCB, 0x86, 0x67, 0x42,
  0x00, 0x00, 0xC2, 0x22, 0xFD, 0xBC, 0xBF, 0x8E, 0xF6, 0xBB, 0xD9, 0xDE, 0x7F, 0x3F, 0x00, 0x00,
  0x02, 0x43, 0xB7, 0x9A, 0x1C, 0x43, 0xA9, 0x65, 0x67, 0x42, 0x18, 0x0A, 0xC8, 0x42, 0xF4, 0x02,
  0x8E, 0x43, 0xCB, 0x86, 0x67, 0x42, 0x01, 0x00, 0xF0, 0x42, 0xA9, 0x1E, 0xE5, 0x42, 0xF8, 0xE4,
  0x64, 0x42, 0x00, 0x00, 0x21, 0x4C, 0x4D, 0xBC, 0x50, 0xF3, 0x42, 0xBC, 0x37, 0xF6, 0x7F, 0x3F,
  0x00, 0x00, 0x02, 0x43, 0xB7, 0x9A, 0x1C, 0x43, 0xA9, 0x65, 0x67, 0x42, 0x01, 0x00, 0xF0, 0x42,
  0xA9, 0x1E, 0xE5, 0x42, 0xF8, 0xE4, 0x64, 0x42, 0x8D, 0x20, 0x23, 0x43, 0x8A, 0xD6, 0xB7, 0x42,
  0x83, 0xFA, 0x65, 0x42, 0x00, 0x00, 0xFD, 0xB0, 0x9A, 0x3C, 0x04, 0x45, 0x89, 0x3B, 0xBD, 0xF3,
  0x7F, 0x3F, 0x00, 0x00, 0x02, 0x43, 0xB7, 0x9A, 0x1C, 0x43, 0xA9, 0x65, 0x67, 0x42, 0x8D, 0x20,
  0x23, 0x43, 0x8A, 0xD6, 0xB7, 0x42, 0x83, 0xFA, 0x65, 0x42, 0x18, 0x0A, 0xC8, 0x42, 0xF4, 0x02,
  0x8E, 0x43, 0xCB, 0x86, 0x67, 0x42, 0x00, 0x00, 0xA0, 0x7D, 0x1E, 0xBC, 0x73, 0xBC, 0xFE, 0xBA,
  0xCF, 0xFC, 0x7F, 0x3F, 0x75, 0x53, 0x14, 0x43, 0x32, 0x2B, 0x7B, 0x43, 0xD5, 0xA4, 0x66, 0x42,
  0x8D, 0x20, 0x23, 0x43, 0x8A, 0xD6, 0xB7, 0x42, 0x83, 0xFA, 0x65, 0x42, 0x00, 0x00, 0x48, 0x43,
  0x6F, 0xB5, 0xB5, 0x42, 0xA9, 0x65, 0x67, 0x42, 0x00, 0x00, 0x4E, 0x56, 0x08, 0x3D, 0xCC, 0x03,
  0x43, 0x3C, 0x0A, 0xD7, 0x7F, 0x3F, 0x75, 0x53, 0x14, 0x43, 0x32, 0x2B, 0x7B, 0x43, 0xD5, 0xA4,
  0x66, 0x42, 0x00, 0x00, 0x48, 0x43, 0x6F, 0xB5, 0xB5, 0x42, 0xA9, 0x65, 0x67, 0x42, 0xE9, 0x85,
  0x3C, 0x43, 0x9D, 0x66, 0x60, 0x43, 0x59, 0x90, 0x62, 0x42, 0x00, 0x00, 0x9D, 0xBC, 0x85, 0x3C,
  0xDD, 0xCB, 0xDF, 0xBA, 0x2C, 0xF7, 0x7F, 0x3F, 0x84, 0x57, 0x2A, 0x32, 0x6F, 0xB5, 0xB5, 0x42,
  0xA9, 0x65, 0x67, 0x42, 0xA0, 0xD9, 0xFC, 0x41, 0x0D, 0x43, 0xBD, 0x42, 0xD4, 0x5B, 0x65, 0x42,
  0x73, 0x70, 0xF3, 0x41, 0xEF, 0x78, 0x66, 0x43, 0x09, 0x5D, 0x66, 0x42, 0x00, 0x00, 0x30, 0x10,
  0xFF, 0xB9, 0xE3, 0x84, 0xF3, 0xBB, 0x2F, 0xFE, 0x7F, 0x3F, 0x75, 0x53, 0x14, 0x43, 0x32, 0x2B,
  0x7B, 0x43, 0xD5, 0xA4, 0x66, 0x42, 0x56, 0xC4, 0x07, 0x43, 0x26, 0xAA, 0x89, 0x43, 0x71, 0x56,
  0x67, 0x42, 0x18, 0x0A, 0xC8, 0x42, 0xF4, 0x02, 0x8E, 0x43, 0xCB, 0x86, 0x67, 0x42, 0x00, 0x00,
  0x23, 0xF0, 0x86, 0x3B, 0x0C, 0x76, 0x2D, 0xBA, 0x6E, 0xFF, 0x7F, 0x3F, 0x75, 0x53, 0x14, 0x43,
  0x32, 0x2B, 0x7B, 0x43, 0xD5, 0xA4, 0x66, 0x42, 0x18, 0x0A, 0xC8, 0x42, 0xF4, 0x02, 0x8E, 0x43,
  0xCB, 0x86, 0x67, 0x42, 0x8D, 0x20, 0x23, 0x43, 0x8A, 0xD6, 0xB7, 0x42, 0x83, 0xFA, 0x65, 0x42,
  0x00, 0x00, 0x7E, 0x2F, 0x43, 0x3A, 0x1C, 0x4F, 0x1B, 0xBB, 0xCC, 0xFF, 0x7F, 0x3F, 0x56, 0xC4,
  0x07, 0x43, 0x26, 0xAA, 0x89, 0x43, 0x71, 0x56, 0x67, 0x42, 0x7E, 0x6A, 0x0B, 0x43, 0xAF, 0x5F,
  0x8D, 0x43, 0xA9, 0x65, 0x67, 0x42, 0x18, 0x0A, 0xC8, 0x42, 0xF4, 0x02, 0x8E, 0x43, 0xCB, 0x86,
  0x67, 0x42, 0x00, 0x00, 0x54, 0xD5, 0x35, 0xBF, 0x87, 0x29, 0x48, 0x3D, 0x55, 0xC4, 0x33, 0xBF,
  0x00, 0x00, 0x7A, 0x42, 0x5C, 0xED, 0x8D, 0x43, 0xA9, 0x65, 0x67, 0x42, 0x16, 0x7C, 0x80, 0x42,
  0x02, 0xD0, 0x8F, 0x43, 0xAE, 0x65, 0x61, 0x42, 0x43, 0x65, 0x7D, 0x42, 0x85, 0xC3, 0x89, 0x43,
  0x06, 0xA5, 0x61, 0x42, 0x00, 0x00, 0x54, 0xD5, 0x35, 0x3F, 0x87, 0x29, 0x48, 0xBD, 0x55, 0xC4,
  0x33, 0x3F, 0x00, 0x00, 0x7A, 0x42, 0x5C, 0xED, 0x8D, 0x43, 0xA9, 0x65, 0x67, 0x42, 0x43, 0x65,
  0x7D, 0x42, 0x85, 0xC3, 0x89, 0x43, 0x06, 0xA5, 0x61, 0x42, 0x16, 0x7C, 0x80, 0x42, 0x02, 0xD0,
  0x8F, 0x43, 0xAE, 0x65, 0x61, 0x42, 0x00, 0x00, 0x1D, 0x87, 0x36, 0xBF, 0xED, 0x94, 0xF2, 0xBE,
  0x7C, 0x51, 0x04, 0xBF, 0xEE, 0x1A, 0x08, 0x43, 0x6C, 0xDD, 0x8F, 0x43, 0xA9, 0x65, 0x67, 0x42,
  0xFE, 0x7F, 0x09, 0x43, 0x2B, 0xA2, 0x8F, 0x43, 0xFA, 0x65, 0x61, 0x42, 0x7E, 0x6A, 0x0B, 0x43,
  0xAF, 0x5F, 0x8D, 0x43, 0xA9, 0x65, 0x67, 0x42, 0x00, 0x00, 0x1D, 0x87, 0x36, 0x3F, 0xED, 0x94,
  0xF2, 0x3E, 0x7C, 0x51, 0x04, 0x3F, 0x7E, 0x6A, 0x0B, 0x43, 0xAF, 0x5F, 0x8D, 0x43, 0xA9, 0x65,
  0x67, 0x42, 0xFE, 0x7F, 0x09, 0x43, 0x2B, 0xA2, 0x8F, 0x43, 0xFA, 0x65, 0x61, 0x42, 0xEE, 0x1A,
  0x08, 0x43, 0x6C, 0xDD, 0x8F, 0x43, 0xA9, 0x65, 0x67, 0x42, 0x00, 0x00, 0x8C, 0xA6, 0x48, 0xBB,
  0x9E, 0xE4, 0xB4, 0x3D, 0x8C, 0xFF, 0x7E, 0x3F, 0x01, 0x40, 0x08, 0x43, 0x5B, 0xAD, 0x90, 0x43,
  0x9A, 0x02, 0x80, 0x43, 0xFF, 0xFF, 0xC7, 0x42, 0x5B, 0x4D, 0x90, 0x43, 0xB4, 0xF9, 0x7F, 0x43,
  0x00, 0x00, 0x48, 0x43, 0x5B, 0xED, 0x8F, 0x43, 0xB5, 0x2C, 0x80, 0x43, 0x00, 0x00, 0xB2, 0x15,
  0xA9, 0xBB, 0x5A, 0x68, 0x98, 0x35, 0x21, 0xFF, 0x7F, 0x3F, 0x01, 0x40, 0x08, 0x43, 0x5B, 0xAD,
  0x90, 0x43, 0x9A, 0x02, 0x80, 0x43, 0x00, 0x00, 0x48, 0x43, 0x5B, 0xED, 0x8F, 0x43, 0xB5, 0x2C,
  0x80, 0x43, 0x00, 0x00, 0x48, 0x43, 0x5B, 0xAD, 0x90, 0x43, 0xB5, 0x2C, 0x80, 0x43, 0x00, 0x00,
  0x00, 0x00, 0x80, 0xBF, 0x13, 0xC6, 0xE1, 0x36, 0x4D, 0x7E, 0x1B, 0xB3, 0xD1, 0xEC, 0x43, 0x37,
  0x5B, 0xAD, 0x90, 0x43, 0xAA, 0x65, 0x61, 0x42, 0x0E, 0x02, 0xD1, 0x35, 0x5B, 0xED, 0x8F, 0x43,
  0xF2, 0x7B, 0x64, 0x42, 0xA7, 0xE9, 0x7D, 0x36, 0xEB, 0xA0, 0x90, 0x43, 0xB5, 0x2C, 0x80, 0x43,
  0x00, 0x00, 0xCA, 0x35, 0xC2, 0xBA, 0xD2, 0x3D, 0xEA, 0xBE, 0x10, 0xA3, 0x63, 0xBF, 0xD1, 0xEC,
  0x43, 0x37, 0x5B, 0xAD, 0x90, 0x43, 0xAA, 0x65, 0x61, 0x42, 0x00, 0x00, 0x48, 0x43, 0xAD, 0xF4,
  0x8F, 0x43, 0x8D, 0x08, 0x63, 0x42, 0x0E, 0x02, 0xD1, 0x35, 0x5B, 0xED, 0x8F, 0x43, 0xF2, 0x7B,
  0x64, 0x42, 0x00, 0x00, 0xF5, 0xFF, 0x7F, 0x3F, 0x46, 0x94, 0x1D, 0xB5, 0x79, 0x56, 0x95, 0xBA,
  0x00, 0x00, 0x48, 0x43, 0x5B, 0xAD, 0x90, 0x43, 0xB5, 0x2C, 0x80, 0x43, 0x00, 0x00, 0x48, 0x43,
  0x5B, 0xED, 0x8F, 0x43, 0xB5, 0x2C, 0x80, 0x43, 0xA6, 0xEC, 0x47, 0x43, 0x5B, 0xED, 0x8F, 0x43,
  0xD4, 0xFF, 0x3D, 0x43, 0x00, 0x00, 0x28, 0xCB, 0x77, 0x3F, 0x08, 0x8D, 0x80, 0x3E, 0x90, 0x22,
  0xDE, 0xBB, 0x00, 0x00, 0x48, 0x43, 0x5B, 0xAD, 0x90, 0x43, 0xB5, 0x2C, 0x80, 0x43, 0xA6, 0xEC,
  0x47, 0x43, 0x5B, 0xED, 0x8F, 0x43, 0xD4, 0xFF, 0x3D, 0x43, 0x35, 0x6D, 0x47, 0x43, 0x5B, 0xAD,
  0x90, 0x43, 0x6A, 0x79, 0x2E, 0x43, 0x00, 0x00, 0x7E, 0xE6, 0x73, 0x3F, 0x60, 0x8B, 0x9B, 0x3E,
  0x84, 0xF5, 0x9C, 0xBA, 0x35, 0x6D, 0x47, 0x43, 0x5B, 0xAD, 0x90, 0x43, 0x6A, 0x79, 0x2E, 0x43,
  0xA6, 0xEC, 0x47, 0x43, 0x5B, 0xED, 0x8F, 0x43, 0xD4, 0xFF, 0x3D, 0x43, 0xEF, 0xB5, 0x47, 0x43,
  0xE1, 0x1F, 0x90, 0x43, 0xD3, 0x32, 0xF0, 0x42, 0x00, 0x00, 0x8C, 0x44, 0xC1, 0x3D, 0x73, 0xDA,
  0x7E, 0xBF, 0xE7, 0xF4, 0xBB, 0x3B, 0xFE, 0xBF, 0x45, 0x43, 0x5B, 0xED, 0x8F, 0x43, 0xDE, 0xB2,
  0xA7, 0x42, 0x00, 0x00, 0x48, 0x43, 0xAD, 0xF4, 0x8F, 0x43, 0x8D, 0x08, 0x63, 0x42, 0xEF, 0xB5,
  0x47, 0x43, 0xE1, 0x1F, 0x90, 0x43, 0xD3, 0x32, 0xF0, 0x42, 0x00, 0x00, 0x20, 0x1B, 0xA5, 0xB7,
  0x32, 0xEB, 0x7F, 0xBF, 0x9F, 0x66, 0xCE, 0x3C, 0x29, 0xF1, 0x02, 0x43, 0xB3, 0x52, 0x90, 0x43,
  0x3D, 0x6C, 0xE6, 0x42, 0x23, 0x86, 0xA3, 0x42, 0x0B, 0x32, 0x90, 0x43, 0xA4, 0x19, 0xD2, 0x42,
  0xFE, 0xBF, 0x45, 0x43, 0x5B, 0xED, 0x8F, 0x43, 0xDE, 0xB2, 0xA7, 0x42, 0x00, 0x00, 0xB1, 0x91,
  0x8D, 0xB8, 0x51, 0xF6, 0x7F, 0xBF, 0xDA, 0xD2, 0x8C, 0xBC, 0x01, 0x00, 0x7F, 0x42, 0x5B, 0xED,
  0x8F, 0x43, 0x69, 0x19, 0x7E, 0x43, 0xC8, 0x21, 0xEE, 0x42, 0x80, 0x53, 0x90, 0x43, 0x99, 0x77,
  0x4F, 0x43, 0xE2, 0xFA, 0x2B, 0x43, 0x5B, 0xED, 0x8F, 0x43, 0x9C, 0xAC, 0x7D, 0x43, 0x00, 0x00,
  0xFA, 0x25, 0x18, 0xBD, 0xBB, 0xD1, 0x7F, 0xBF, 0x81, 0xB3, 0xB8, 0xBB, 0xE2, 0xFA, 0x2B, 0x43,
  0x5B, 0xED, 0x8F, 0x43, 0x9C, 0xAC, 0x7D, 0x43, 0xBD, 0x10, 0x16, 0x43, 0x02, 0x94, 0x90, 0x43,
  0x3E, 0x45, 0x27, 0x43, 0xFE, 0xBF, 0x45, 0x43, 0x5B, 0xED, 0x8F, 0x43, 0xDE, 0xB2, 0xA7, 0x42,
  0x00, 0x00, 0x5E, 0x69, 0x09, 0xBC, 0xDD, 0xF9, 0x7F, 0xBF, 0xBD, 0x23, 0x31, 0x3C, 0xFE, 0xBF,
  0x45, 0x43, 0x5B, 0xED, 0x8F, 0x43, 0xDE, 0xB2, 0xA7, 0x42, 0xBD, 0x10, 0x16, 0x43, 0x02, 0x94,
  0x90, 0x43, 0x3E, 0x45, 0x27, 0x43, 0x87, 0x06, 0x11, 0x43, 0xF9, 0x67, 0x90, 0x43, 0xE4, 0x8A,
  0x03, 0x43, 0x00, 0x00, 0xEB, 0xD4, 0x21, 0xBB, 0xF7, 0xF8, 0x7F, 0xBF, 0x49, 0x98, 0x6C, 0xBC,
  0xC8, 0x21, 0xEE, 0x42, 0x80, 0x53, 0x90, 0x43, 0x99, 0x77, 0x4F, 0x43, 0xBD, 0x10, 0x16, 0x43,
  0x02, 0x94, 0x90, 0x43, 0x3E, 0x45, 0x27, 0x43, 0xE2, 0xFA, 0x2B, 0x43, 0x5B, 0xED, 0x8F, 0x43,
  0x9C, 0xAC, 0x7D, 0x43, 0x00, 0x00, 0xE6, 0xB7, 0x28, 0xBD, 0x26, 0xC8, 0x7F, 0xBF, 0x24, 0xF6,
  0x2D, 0xBB, 0x59, 0x55, 0x1E, 0x42, 0x4D, 0x6C, 0x90, 0x43, 0xAB, 0xCD, 0x7F, 0x43, 0xD1, 0xD8,
  0x3E, 0x42, 0x57, 0x5C, 0x90, 0x43, 0xF5, 0x9C, 0x30, 0x43, 0x01, 0x00, 0x7F, 0x42, 0x5B, 0xED,
  0x8F, 0x43, 0x69, 0x19, 0x7E, 0x43, 0x00, 0x00, 0x48, 0x4C, 0x8B, 0x3B, 0xA3, 0xFA, 0x7F, 0xBF,
  0x12, 0xBC, 0x45, 0xBC, 0x01, 0x00, 0x7F, 0x42, 0x5B, 0xED, 0x8F, 0x43, 0x69, 0x19, 0x7E, 0x43,
  0xD1, 0xD8, 0x3E, 0x42, 0x57, 0x5C, 0x90, 0x43, 0xF5, 0x9C, 0x30, 0x43, 0xC8, 0x21, 0xEE, 0x42,
  0x80, 0x53, 0x90, 0x43, 0x99, 0x77, 0x4F, 0x43, 0x00, 0x00, 0x45, 0x6F, 0x39, 0x3C, 0x8F, 0xFB,
  0x7F, 0xBF, 0x26, 0x57, 0x33, 0x3B, 0x0E, 0x02, 0xD1, 0x35, 0x5B, 0xED, 0x8F, 0x43, 0xF2, 0x7B,
  0x64, 0x42, 0xD1, 0xD8, 0x3E, 0x42, 0x57, 0x5C, 0x90, 0x43, 0xF5, 0x9C, 0x30, 0x43, 0x59, 0x55,
  0x1E, 0x42, 0x4D, 0x6C, 0x90, 0x43, 0xAB, 0xCD, 0x7F, 0x43, 0x00, 0x00, 0x2E, 0xE1, 0x00, 0xBB,
  0xF0, 0xF8, 0x7F, 0xBF, 0x33, 0x61, 0x6E, 0x3C, 0xFE, 0xBF, 0x45, 0x43, 0x5B, 0xED, 0x8F, 0x43,
  0xDE, 0xB2, 0xA7, 0x42, 0x23, 0x86, 0xA3, 0x42, 0x0B, 0x32, 0x90, 0x43, 0xA4, 0x19, 0xD2, 0x42,
  0x0E, 0x02, 0xD1, 0x35, 0x5B, 0xED, 0x8F, 0x43, 0xF2, 0x7B, 0x64, 0x42, 0x00, 0x00, 0x34, 0xFC,
  0xA4, 0xBB, 0x43, 0xF8, 0x7F, 0xBF, 0x19, 0xD8, 0x6D, 0x3C, 0x87, 0x06, 0x11, 0x43, 0xF9, 0x67,
  0x90, 0x43, 0xE4, 0x8A, 0x03, 0x43, 0x29, 0xF1, 0x02, 0x43, 0xB3, 0x52, 0x90, 0x43, 0x3D, 0x6C,
  0xE6, 0x42, 0xFE, 0xBF, 0x45, 0x43, 0x5B, 0xED, 0x8F, 0x43, 0xDE, 0xB2, 0xA7, 0x42, 0x00, 0x00,
  0x2E, 0x8B, 0x28, 0xBC, 0xE8, 0xFA, 0x7F, 0xBF, 0xDC, 0xB6, 0xE6, 0x3B, 0x59, 0x55, 0x1E, 0x42,
  0x4D, 0x6C, 0x90, 0x43, 0xAB, 0xCD, 0x7F, 0x43, 0xA7, 0xE9, 0x7D, 0x36, 0xEB, 0xA0, 0x90, 0x43,
  0xB5, 0x2C, 0x80, 0x43, 0x0E, 0x02, 0xD1, 0x35, 0x5B, 0xED, 0x8F, 0x43, 0xF2, 0x7B, 0x64, 0x42,
  0x00, 0x00, 0xBB, 0x9B, 0x45, 0x3B, 0x80, 0xFE, 0x7F, 0xBF, 0x2E, 0x50, 0xC6, 0x3B, 0x0E, 0x02,
  0xD1, 0x35, 0x5B, 0xED, 0x8F, 0x43, 0xF2, 0x7B, 0x64, 0x42, 0x23, 0x86, 0xA3, 0x42, 0x0B, 0x32,
  0x90, 0x43, 0xA4, 0x19, 0xD2, 0x42, 0xD1, 0xD8, 0x3E, 0x42, 0x57, 0x5C, 0x90, 0x43, 0xF5, 0x9C,
  0x30, 0x43, 0x00, 0x00, 0x25, 0x19, 0x9F, 0xBB, 0x96, 0x86, 0x64, 0xBF, 0xEA, 0xBD, 0xE6, 0x3E,
  0x59, 0x55, 0x1E, 0x42, 0x4D, 0x6C, 0x90, 0x43, 0xAB, 0xCD, 0x7F, 0x43, 0x01, 0x00, 0x7F, 0x42,
  0x5B, 0xED, 0x8F, 0x43, 0x69, 0x19, 0x7E, 0x43, 0xFF, 0xFF, 0xC7, 0x42, 0x5B, 0x4D, 0x90, 0x43,
  0xB4, 0xF9, 0x7F, 0x43, 0x00, 0x00, 0xB4, 0xB5, 0x05, 0xBC, 0xB5, 0x0D, 0x79, 0xBF, 0x03, 0xC7,
  0x6C, 0x3E, 0x01, 0x40, 0x08, 0x43, 0x5B, 0xED, 0x8F, 0x43, 0x6A, 0x19, 0x7E, 0x43, 0x00, 0x00,
  0x48, 0x43, 0x5B, 0xED, 0x8F, 0x43, 0xB5, 0x2C, 0x80, 0x43, 0xFF, 0xFF, 0xC7, 0x42, 0x5B, 0x4D,
  0x90, 0x43, 0xB4, 0xF9, 0x7F, 0x43, 0x00, 0x00, 0x29, 0xD4, 0x60, 0xAF, 0x00, 0x00, 0x80, 0xBF,
  0x01, 0xA0, 0x88, 0xB2, 0x01, 0x40, 0x08, 0x43, 0x5B, 0xED, 0x8F, 0x43, 0x6A, 0x19, 0x7E, 0x43,
  0xE2, 0xFA, 0x2B, 0x43, 0x5B, 0xED, 0x8F, 0x43, 0x9C, 0xAC, 0x7D, 0x43, 0x00, 0x00, 0x48, 0x43,
  0x5B, 0xED, 0x8F, 0x43, 0xB5, 0x2C, 0x80, 0x43, 0x00, 0x00, 0x7C, 0x92, 0xB0, 0x3D, 0xED, 0x65,
  0xD7, 0x3E, 0x29, 0x31, 0x67, 0xBF, 0x00, 0x00, 0x48, 0x43, 0x5B, 0xED, 0x8F, 0x43, 0xB5, 0x2C,
  0x80, 0x43, 0xE2, 0xFA, 0x2B, 0x43, 0x5B, 0xED, 0x8F, 0x43, 0x9C, 0xAC, 0x7D, 0x43, 0x15, 0xDF,
  0x2C, 0x43, 0x25, 0x85, 0x90, 0x43, 0xD0, 0x4F, 0x7E, 0x43, 0x00, 0x00, 0xC9, 0xF2, 0x93, 0x39,
  0xDB, 0xFF, 0x7F, 0xBF, 0x30, 0xD3, 0x08, 0xBB, 0x0E, 0x02, 0xD1, 0x35, 0x5B, 0xED, 0x8F, 0x43,
  0xF2, 0x7B, 0x64, 0x42, 0x00, 0x00, 0x48, 0x43, 0xAD, 0xF4, 0x8F, 0x43, 0x8D, 0x08, 0x63, 0x42,
  0xFE, 0xBF, 0x45, 0x43, 0x5B, 0xED, 0x8F, 0x43, 0xDE, 0xB2, 0xA7, 0x42, 0x00, 0x00, 0x7C, 0x92,
  0xB0, 0xBD, 0xED, 0x65, 0xD7, 0xBE, 0x29, 0x31, 0x67, 0x3F, 0x15, 0xDF, 0x2C, 0x43, 0x25, 0x85,
  0x90, 0x43, 0xD0, 0x4F, 0x7E, 0x43, 0xE2, 0xFA, 0x2B, 0x43, 0x5B, 0xED, 0x8F, 0x43, 0x9C, 0xAC,
  0x7D, 0x43, 0x00, 0x00, 0x48, 0x43, 0x5B, 0xED, 0x8F, 0x43, 0xB5, 0x2C, 0x80, 0x43, 0x00, 0x00,
  0x45, 0xDF, 0xD4, 0xB0, 0x00, 0x00, 0x80, 0xBF, 0x23, 0x9C, 0xFA, 0xB0, 0x00, 0xC0, 0x45, 0x43,
  0x5B, 0xED, 0x8F, 0x43, 0x6A, 0xD9, 0x64, 0x43, 0x00, 0x00, 0x48, 0x43, 0x5B, 0xED, 0x8F, 0x43,
  0xB5, 0x2C, 0x80, 0x43, 0xE2, 0xFA, 0x2B, 0x43, 0x5B, 0xED, 0x8F, 0x43, 0x9C, 0xAC, 0x7D, 0x43,
  0x00, 0x00, 0x94, 0x9F, 0xB7, 0x2F, 0x00, 0x00, 0x80, 0xBF, 0xE3, 0x26, 0x10, 0x2F, 0x00, 0xC0,
  0x45, 0x43, 0x5B, 0xED, 0x8F, 0x43, 0x6A, 0xD9, 0x64, 0x43, 0xE2, 0xFA, 0x2B, 0x43, 0x5B, 0xED,
  0x8F, 0x43, 0x9C, 0xAC, 0x7D, 0x43, 0xA6, 0xEC, 0x47, 0x43, 0x5B, 0xED, 0x8F, 0x43, 0xD4, 0xFF,
  0x3D, 0x43, 0x00, 0x00, 0x6F, 0x95, 0x80, 0xB2, 0x00, 0x00, 0x80, 0xBF, 0x9E, 0x65, 0x47, 0xB0,
  0x00, 0xC0, 0x45, 0x43, 0x5B, 0xED, 0x8F, 0x43, 0x6A, 0xD9, 0x64, 0x43, 0xA6, 0xEC, 0x47, 0x43,
  0x5B, 0xED, 0x8F, 0x43, 0xD4, 0xFF, 0x3D, 0x43, 0x00, 0x00, 0x48, 0x43, 0x5B, 0xED, 0x8F, 0x43,
  0xB5, 0x2C, 0x80, 0x43, 0x00, 0x00, 0x9D, 0xDD, 0xEF, 0xAF, 0x00, 0x00, 0x80, 0xBF, 0x98, 0x8D,
  0x63, 0xAF, 0xE2, 0xFA, 0x2B, 0x43, 0x5B, 0xED, 0x8F, 0x43, 0x9C, 0xAC, 0x7D, 0x43, 0x33, 0x53,
  0x45, 0x43, 0x5B, 0xED, 0x8F, 0x43, 0x89, 0x1E, 0x41, 0x43, 0xA6, 0xEC, 0x47, 0x43, 0x5B, 0xED,
  0x8F, 0x43, 0xD4, 0xFF, 0x3D, 0x43, 0x00, 0x00, 0xBF, 0x18, 0x4A, 0x3E, 0xFA, 0xF6, 0x7A, 0xBF,
  0x1B, 0x8C, 0x40, 0xB3, 0x00, 0xC0, 0x45, 0x43, 0x5B, 0xED, 0x8F, 0x43, 0x69, 0x59, 0x1C, 0x43,
  0xFE, 0xBF, 0x45, 0x43, 0x5B, 0xED, 0x8F, 0x43, 0xDE, 0xB2, 0xA7, 0x42, 0xEF, 0xB5, 0x47, 0x43,
  0xE1, 0x1F, 0x90, 0x43, 0xD3, 0x32, 0xF0, 0x42, 0x00, 0x00, 0x6A, 0x13, 0xBB, 0x3D, 0xDD, 0xEC,
  0x7E, 0xBF, 0x99, 0x6A, 0xC1, 0xBB, 0x00, 0xC0, 0x45, 0x43, 0x5B, 0xED, 0x8F, 0x43, 0x69, 0x59,
  0x1C, 0x43, 0xEF, 0xB5, 0x47, 0x43, 0xE1, 0x1F, 0x90, 0x43, 0xD3, 0x32, 0xF0, 0x42, 0xA6, 0xEC,
  0x47, 0x43, 0x5B, 0xED, 0x8F, 0x43, 0xD4, 0xFF, 0x3D, 0x43, 0x00, 0x00, 0xEA, 0xC9, 0xA1, 0xAF,
  0x00, 0x00, 0x80, 0xBF, 0xB8, 0xE7, 0xC2, 0xAE, 0x00, 0xC0, 0x45, 0x43, 0x5B, 0xED, 0x8F, 0x43,
  0x69, 0x59, 0x1C, 0x43, 0xA6, 0xEC, 0x47, 0x43, 0x5B, 0xED, 0x8F, 0x43, 0xD4, 0xFF, 0x3D, 0x43,
  0x33, 0x53, 0x45, 0x43, 0x5B, 0xED, 0x8F, 0x43, 0x89, 0x1E, 0x41, 0x43, 0x00, 0x00, 0xC8, 0x93,
  0x5C, 0x32, 0x00, 0x00, 0x80, 0xBF, 0x36, 0xE9, 0x8A, 0x2E, 0x00, 0xC0, 0x45, 0x43, 0x5B, 0xED,
  0x8F, 0x43, 0x69, 0x59, 0x1C, 0x43, 0x33, 0x53, 0x45, 0x43, 0x5B, 0xED, 0x8F, 0x43, 0x89, 0x1E,
  0x41, 0x43, 0xFE, 0xBF, 0x45, 0x43, 0x5B, 0xED, 0x8F, 0x43, 0xDE, 0xB2, 0xA7, 0x42, 0x00, 0x00,
  0x66, 0x45, 0xC7, 0x2E, 0x00, 0x00, 0x80, 0xBF, 0x4C, 0x02, 0x6F, 0x2D, 0xFE, 0xBF, 0x45, 0x43,
  0x5B, 0xED, 0x8F, 0x43, 0xDE, 0xB2, 0xA7, 0x42, 0x33, 0x53, 0x45, 0x43, 0x5B, 0xED, 0x8F, 0x43,
  0x89, 0x1E, 0x41, 0x43, 0xE2, 0xFA, 0x2B, 0x43, 0x5B, 0xED, 0x8F, 0x43, 0x9C, 0xAC, 0x7D, 0x43,
  0x00, 0x00, 0x17, 0xE0, 0xBC, 0x2C, 0x00, 0x00, 0x80, 0xBF, 0xA9, 0x98, 0xEE, 0x30, 0xE2, 0xFA,
  0x2B, 0x43, 0x5B, 0xED, 0x8F, 0x43, 0x9C, 0xAC, 0x7D, 0x43, 0x01, 0x40, 0x08, 0x43, 0x5B, 0xED,
  0x8F, 0x43, 0x6A, 0x19, 0x7E, 0x43, 0x01, 0x00, 0x7F, 0x42, 0x5B, 0xED, 0x8F, 0x43, 0x69, 0x19,
  0x7E, 0x43, 0x00, 0x00, 0x6F, 0x4D, 0x40, 0xB3, 0xB4, 0xB5, 0x6D, 0xBF, 0xA2, 0x0D, 0xBE, 0x3E,
  0x01, 0x00, 0x7F, 0x42, 0x5B, 0xED, 0x8F, 0x43, 0x69, 0x19, 0x7E, 0x43, 0x01, 0x40, 0x08, 0x43,
  0x5B, 0xED, 0x8F, 0x43, 0x6A, 0x19, 0x7E, 0x43, 0xFF, 0xFF, 0xC7, 0x42, 0x5B, 0x4D, 0x90, 0x43,
  0xB4, 0xF9, 0x7F, 0x43, 0x00, 0x00, 0xB0, 0xE8, 0xCE, 0x3A, 0xDA, 0xFF, 0x7F, 0x3F, 0xD4, 0x2F,
  0xB9, 0xBA, 0x59, 0x55, 0x1E, 0x42, 0x4D, 0x6C, 0x90, 0x43, 0xAB, 0xCD, 0x7F, 0x43, 0xC8, 0x21,
  0xEE, 0x42, 0x80, 0x53, 0x90, 0x43, 0x99, 0x77, 0x4F, 0x43, 0xD1, 0xD8, 0x3E, 0x42, 0x57, 0x5C,
  0x90, 0x43, 0xF5, 0x9C, 0x30, 0x43, 0x00, 0x00, 0x6A, 0xFC, 0x26, 0xBC, 0xE1, 0xFB, 0x7F, 0x3F,
  0xE2, 0x3F, 0x99, 0x3B, 0xBD, 0x10, 0x16, 0x43, 0x02, 0x94, 0x90, 0x43, 0x3E, 0x45, 0x27, 0x43,
  0xC8, 0x21, 0xEE, 0x42, 0x80, 0x53, 0x90, 0x43, 0x99, 0x77, 0x4F, 0x43, 0xFE, 0xBF, 0x45, 0x43,
  0x5B, 0xAD, 0x90, 0x43, 0x6B, 0xD9, 0x64, 0x43, 0x00, 0x00, 0x1C, 0x5E, 0xB1, 0xBB, 0x94, 0xF9,
  0x7F, 0x3F, 0x1D, 0x80, 0x53, 0xBC, 0xFE, 0xBF, 0x45, 0x43, 0x5B, 0xAD, 0x90, 0x43, 0x6B, 0xD9,
  0x64, 0x43, 0xC8, 0x21, 0xEE, 0x42, 0x80, 0x53, 0x90, 0x43, 0x99, 0x77, 0x4F, 0x43, 0x59, 0x55,
  0x1E, 0x42, 0x4D, 0x6C, 0x90, 0x43, 0xAB, 0xCD, 0x7F, 0x43, 0x00, 0x00, 0x6C, 0x57, 0x33, 0xBC,
  0x0E, 0xFC, 0x7F, 0x3F, 0x62, 0xE6, 0x40, 0xBA, 0xFF, 0xBF, 0x45, 0x43, 0x5B, 0xAD, 0x90, 0x43,
  0xD8, 0xB2, 0xA7, 0x42, 0x29, 0xF1, 0x02, 0x43, 0xB3, 0x52, 0x90, 0x43, 0x3D, 0x6C, 0xE6, 0x42,
  0x87, 0x06, 0x11, 0x43, 0xF9, 0x67, 0x90, 0x43, 0xE4, 0x8A, 0x03, 0x43, 0x00, 0x00, 0xFD, 0x1D,
  0x6B, 0xBB, 0xC4, 0xE9, 0x7F, 0x3F, 0x89, 0x56, 0xD3, 0x3C, 0xD1, 0xEC, 0x43, 0x37, 0x5B, 0xAD,
  0x90, 0x43, 0xAA, 0x65, 0x61, 0x42, 0x23, 0x86, 0xA3, 0x42, 0x0B, 0x32, 0x90, 0x43, 0xA4, 0x19,
  0xD2, 0x42, 0xFF, 0xBF, 0x45, 0x43, 0x5B, 0xAD, 0x90, 0x43, 0xD8, 0xB2, 0xA7, 0x42, 0x00, 0x00,
  0x9F, 0x84, 0x39, 0x3C, 0xC7, 0xFB, 0x7F, 0x3F, 0x57, 0xF9, 0x49, 0x3A, 0xD1, 0xD8, 0x3E, 0x42,
  0x57, 0x5C, 0x90, 0x43, 0xF5, 0x9C, 0x30, 0x43, 0x23, 0x86, 0xA3, 0x42, 0x0B, 0x32, 0x90, 0x43,
  0xA4, 0x19, 0xD2, 0x42, 0xD1, 0xEC, 0x43, 0x37, 0x5B, 0xAD, 0x90, 0x43, 0xAA, 0x65, 0x61, 0x42,
  0x00, 0x00, 0x5C, 0x53, 0x60, 0x3C, 0xDB, 0xF9, 0x7F, 0x3F, 0x67, 0x9B, 0x31, 0xB9, 0xD1, 0xD8,
  0x3E, 0x42, 0x57, 0x5C, 0x90, 0x43, 0xF5, 0x9C, 0x30, 0x43, 0xD1, 0xEC, 0x43, 0x37, 0x5B, 0xAD,
  0x90, 0x43, 0xAA, 0x65, 0x61, 0x42, 0x59, 0x55, 0x1E, 0x42, 0x4D, 0x6C, 0x90, 0x43, 0xAB, 0xCD,
  0x7F, 0x43, 0x00, 0x00, 0x79, 0xD0, 0x8F, 0x30, 0x00, 0x00, 0x80, 0x3F, 0x1F, 0xD6, 0x86, 0x2D,
  0x35, 0x6D, 0x47, 0x43, 0x5B, 0xAD, 0x90, 0x43, 0x6A, 0x79, 0x2E, 0x43, 0xFE, 0xBF, 0x45, 0x43,
  0x5B, 0xAD, 0x90, 0x43, 0x6B, 0xD9, 0x64, 0x43, 0x00, 0x00, 0x48, 0x43, 0x5B, 0xAD, 0x90, 0x43,
  0xB5, 0x2C, 0x80, 0x43, 0x00, 0x00, 0xC2, 0xDC, 0x88, 0xBA, 0x6C, 0xF2, 0x7F, 0x3F, 0x21, 0x87,
  0xA6, 0xBC, 0x35, 0x6D, 0x47, 0x43, 0x5B, 0xAD, 0x90, 0x43, 0x6A, 0x79, 0x2E, 0x43, 0xEF, 0xB5,
  0x47, 0x43, 0xE1, 0x1F, 0x90, 0x43, 0xD3, 0x32, 0xF0, 0x42, 0xBD, 0x10, 0x16, 0x43, 0x02, 0x94,
  0x90, 0x43, 0x3E, 0x45, 0x27, 0x43, 0x00, 0x00, 0x60, 0x94, 0xEF, 0x3B, 0x9B, 0xA3, 0x7F, 0x3F,
  0x62, 0x59, 0x57, 0xBD, 0xD1, 0xEC, 0x43, 0x37, 0x5B, 0xAD, 0x90, 0x43, 0xAA, 0x65, 0x61, 0x42,
  0xFF, 0xBF, 0x45, 0x43, 0x5B, 0xAD, 0x90, 0x43, 0xD8, 0xB2, 0xA7, 0x42, 0x00, 0x00, 0x48, 0x43,
  0xAD, 0xF4, 0x8F, 0x43, 0x8D, 0x08, 0x63, 0x42, 0x00, 0x00, 0x8D, 0x6B, 0x05, 0x3F, 0x9D, 0x7B,
  0x5A, 0x3F, 0x91, 0x09, 0x0E, 0xBB, 0x00, 0x00, 0x48, 0x43, 0xAD, 0xF4, 0x8F, 0x43, 0x8D, 0x08,
  0x63, 0x42, 0xFF, 0xBF, 0x45, 0x43, 0x5B, 0xAD, 0x90, 0x43, 0xD8, 0xB2, 0xA7, 0x42, 0xEF, 0xB5,
  0x47, 0x43, 0xE1, 0x1F, 0x90, 0x43, 0xD3, 0x32, 0xF0, 0x42, 0x00, 0x00, 0xE6, 0x18, 0x1D, 0x3C,
  0x8D, 0xED, 0x7F, 0x3F, 0x43, 0xCA, 0xB1, 0x3C, 0x15, 0xDF, 0x2C, 0x43, 0x25, 0x85, 0x90, 0x43,
  0xD0, 0x4F, 0x7E, 0x43, 0xFE, 0xBF, 0x45, 0x43, 0x5B, 0xAD, 0x90, 0x43, 0x6B, 0xD9, 0x64, 0x43,
  0x01, 0x40, 0x08, 0x43, 0x5B, 0xAD, 0x90, 0x43, 0x9A, 0x02, 0x80, 0x43, 0x00, 0x00, 0x95, 0xF1,
  0x5C, 0x3A, 0xDD, 0x8F, 0x7C, 0x3F, 0x7F, 0x41, 0x27, 0xBE, 0x15, 0xDF, 0x2C, 0x43, 0x25, 0x85,
  0x90, 0x43, 0xD0, 0x4F, 0x7E, 0x43, 0x01, 0x40, 0x08, 0x43, 0x5B, 0xAD, 0x90, 0x43, 0x9A, 0x02,
  0x80, 0x43, 0x00, 0x00, 0x48, 0x43, 0x5B, 0xAD, 0x90, 0x43, 0xB5, 0x2C, 0x80, 0x43, 0x00, 0x00,
  0x50, 0xE3, 0x3E, 0xBC, 0x86, 0xFB, 0x7F, 0x3F, 0x8B, 0xE4, 0x79, 0x3A, 0x15, 0xDF, 0x2C, 0x43,
  0x25, 0x85, 0x90, 0x43, 0xD0, 0x4F, 0x7E, 0x43, 0x00, 0x00, 0x48, 0x43, 0x5B, 0xAD, 0x90, 0x43,
  0xB5, 0x2C, 0x80, 0x43, 0xFE, 0xBF, 0x45, 0x43, 0x5B, 0xAD, 0x90, 0x43, 0x6B, 0xD9, 0x64, 0x43,
  0x00, 0x00, 0x95, 0xDD, 0x82, 0xBB, 0x7A, 0xFF, 0x7F, 0x3F, 0xDC, 0x1F, 0x01, 0xB9, 0x35, 0x6D,
  0x47, 0x43, 0x5B, 0xAD, 0x90, 0x43, 0x6A, 0x79, 0x2E, 0x43, 0xBD, 0x10, 0x16, 0x43, 0x02, 0x94,
  0x90, 0x43, 0x3E, 0x45, 0x27, 0x43, 0xFE, 0xBF, 0x45, 0x43, 0x5B, 0xAD, 0x90, 0x43, 0x6B, 0xD9,
  0x64, 0x43, 0x00, 0x00, 0x9A, 0xF3, 0x89, 0xBC, 0xFC, 0xF4, 0x7F, 0x3F, 0x21, 0xA6, 0xED, 0xBB,
  0xBD, 0x10, 0x16, 0x43, 0x02, 0x94, 0x90, 0x43, 0x3E, 0x45, 0x27, 0x43, 0xFF, 0xBF, 0x45, 0x43,
  0x5B, 0xAD, 0x90, 0x43, 0xD8, 0xB2, 0xA7, 0x42, 0x87, 0x06, 0x11, 0x43, 0xF9, 0x67, 0x90, 0x43,
  0xE4, 0x8A, 0x03, 0x43, 0x00, 0x00, 0xF4, 0xCC, 0x37, 0x3D, 0x3A, 0xA4, 0x7F, 0x3F, 0x51, 0x8B,
  0xE5, 0x3C, 0xBD, 0x10, 0x16, 0x43, 0x02, 0x94, 0x90, 0x43, 0x3E, 0x45, 0x27, 0x43, 0xEF, 0xB5,
  0x47, 0x43, 0xE1, 0x1F, 0x90, 0x43, 0xD3, 0x32, 0xF0, 0x42, 0xFF, 0xBF, 0x45, 0x43, 0x5B, 0xAD,
  0x90, 0x43, 0xD8, 0xB2, 0xA7, 0x42, 0x00, 0x00, 0x87, 0x31, 0xE0, 0xBB, 0x5D, 0xFC, 0x7F, 0x3F,
  0xF2, 0x30, 0x03, 0x3C, 0x29, 0xF1, 0x02, 0x43, 0xB3, 0x52, 0x90, 0x43, 0x3D, 0x6C, 0xE6, 0x42,
  0xFF, 0xBF, 0x45, 0x43, 0x5B, 0xAD, 0x90, 0x43, 0xD8, 0xB2, 0xA7, 0x42, 0x23, 0x86, 0xA3, 0x42,
  0x0B, 0x32, 0x90, 0x43, 0xA4, 0x19, 0xD2, 0x42, 0x00, 0x00, 0xDA, 0x43, 0x7E, 0x3B, 0xC3, 0xC6,
  0x7F, 0x3F, 0x73, 0x6A, 0x2A, 0x3D, 0xFF, 0xFF, 0xC7, 0x42, 0x5B, 0x4D, 0x90, 0x43, 0xB4, 0xF9,
  0x7F, 0x43, 0xFE, 0xBF, 0x45, 0x43, 0x5B, 0xAD, 0x90, 0x43, 0x6B, 0xD9, 0x64, 0x43, 0x59, 0x55,
  0x1E, 0x42, 0x4D, 0x6C, 0x90, 0x43, 0xAB, 0xCD, 0x7F, 0x43, 0x00, 0x00, 0xB4, 0xCB, 0xA8, 0xBC,
  0xC2, 0xAA, 0x7F, 0x3F, 0x8A, 0x07, 0x3F, 0xBD, 0xFF, 0xFF, 0xC7, 0x42, 0x5B, 0x4D, 0x90, 0x43,
  0xB4, 0xF9, 0x7F, 0x43, 0x01, 0x40, 0x08, 0x43, 0x5B, 0xAD, 0x90, 0x43, 0x9A, 0x02, 0x80, 0x43,
  0xFE, 0xBF, 0x45, 0x43, 0x5B, 0xAD, 0x90, 0x43, 0x6B, 0xD9, 0x64, 0x43, 0x00, 0x00, 0x90, 0x3F,
  0x2A, 0x3C, 0x74, 0xFC, 0x7F, 0x3F, 0x39, 0xAD, 0xFE, 0x39, 0xA7, 0xE9, 0x7D, 0x36, 0xEB, 0xA0,
  0x90, 0x43, 0xB5, 0x2C, 0x80, 0x43, 0x59, 0x55, 0x1E, 0x42, 0x4D, 0x6C, 0x90, 0x43, 0xAB, 0xCD,
  0x7F, 0x43, 0xD1, 0xEC, 0x43, 0x37, 0x5B, 0xAD, 0x90, 0x43, 0xAA, 0x65, 0x61, 0x42, 0x00, 0x00,
  0xBB, 0x51, 0xE2, 0x3D, 0x87, 0x56, 0x7D, 0x3F, 0x28, 0x8F, 0xBC, 0x3D, 0xA6, 0xEC, 0x47, 0x43,
  0x5B, 0xED, 0x8F, 0x43, 0xD4, 0xFF, 0x3D, 0x43, 0x35, 0x6D, 0x47, 0x43, 0x5B, 0xAD, 0x90, 0x43,
  0x6A, 0x79, 0x2E, 0x43, 0x33, 0x53, 0x45, 0x43, 0x5B, 0xED, 0x8F, 0x43, 0x89, 0x1E, 0x41, 0x43,
  0x00, 0x00, 0xBB, 0x51, 0xE2, 0xBD, 0x87, 0x56, 0x7D, 0xBF, 0x28, 0x8F, 0xBC, 0xBD, 0x33, 0x53,
  0x45, 0x43, 0x5B, 0xED, 0x8F, 0x43, 0x89, 0x1E, 0x41, 0x43, 0x35, 0x6D, 0x47, 0x43, 0x5B, 0xAD,
  0x90, 0x43, 0x6A, 0x79, 0x2E, 0x43, 0xA6, 0xEC, 0x47, 0x43, 0x5B, 0xED, 0x8F, 0x43, 0xD4, 0xFF,
  0x3D, 0x43, 0x00, 0x00, 0x57, 0xB1, 0x7E, 0xBF, 0xA9, 0x20, 0xCD, 0xBD, 0x23, 0xF1, 0x4B, 0x3C,
  0x14, 0xAD, 0x45, 0x43, 0x5A, 0xE5, 0x8D, 0x43, 0x90, 0x8D, 0xEE, 0x42, 0xAD, 0x2B, 0x46, 0x43,
  0x4E, 0x04, 0x90, 0x43, 0xD2, 0xEE, 0x40, 0x43, 0x31, 0x71, 0x45, 0x43, 0xF8, 0x0A, 0x90, 0x43,
  0x42, 0x21, 0x07, 0x43, 0x00, 0x00, 0x04, 0xFA, 0x7F, 0xBF, 0x8F, 0x43, 0xB2, 0x3B, 0x84, 0xB5,
  0x4A, 0x3C, 0xD4, 0x2F, 0x45, 0x43, 0xB5, 0xC4, 0x8D, 0x43, 0x0E, 0xD2, 0x41, 0x43, 0x94, 0xA1,
  0x45, 0x43, 0x5C, 0xED, 0x8B, 0x43, 0x6A, 0x59, 0x67, 0x43, 0x6D, 0xA9, 0x45, 0x43, 0xE7, 0x1B,
  0x90, 0x43, 0x37, 0x26, 0x66, 0x43, 0x00, 0x00, 0x8B, 0xB2, 0x6E, 0xBF, 0xC3, 0xE2, 0xB8, 0x3E,
  0x5C, 0x27, 0x6E, 0xBC, 0xAD, 0x2B, 0x46, 0x43, 0x4E, 0x04, 0x90, 0x43, 0xD2, 0xEE, 0x40, 0x43,
  0x14, 0xAD, 0x45, 0x43, 0x5A, 0xE5, 0x8D, 0x43, 0x90, 0x8D, 0xEE, 0x42, 0x6D, 0xA9, 0x45, 0x43,
  0xE7, 0x1B, 0x90, 0x43, 0x37, 0x26, 0x66, 0x43, 0x00, 0x00, 0x4D, 0x54, 0x67, 0xBF, 0xA8, 0x1E,
  0xDB, 0x3E, 0xB9, 0xE9, 0x8C, 0xBC, 0x6D, 0xA9, 0x45, 0x43, 0xE7, 0x1B, 0x90, 0x43, 0x37, 0x26,
  0x66, 0x43, 0x14, 0xAD, 0x45, 0x43, 0x5A, 0xE5, 0x8D, 0x43, 0x90, 0x8D, 0xEE, 0x42, 0x00, 0x00,
  0x45, 0x43, 0x5C, 0xED, 0x8D, 0x43, 0x6A, 0x59, 0x1C, 0x43, 0x00, 0x00, 0xA4, 0x8D, 0x7F, 0xBF,
  0x9E, 0xD3, 0x70, 0x3D, 0x6F, 0x6C, 0xB3, 0x3B, 0x6D, 0xA9, 0x45, 0x43, 0xE7, 0x1B, 0x90, 0x43,
  0x37, 0x26, 0x66, 0x43, 0x00, 0x00, 0x45, 0x43, 0x5C, 0xED, 0x8D, 0x43, 0x6A, 0x59, 0x1C, 0x43,
  0xD4, 0x2F, 0x45, 0x43, 0xB5, 0xC4, 0x8D, 0x43, 0x0E, 0xD2, 0x41, 0x43, 0x00, 0x00, 0x70, 0x89,
  0x7F, 0xBF, 0xDF, 0x2F, 0x76, 0xBD, 0x77, 0x27, 0xCB, 0x3A, 0xB3, 0xDA, 0x45, 0x43, 0x5C, 0xED,
  0x8B, 0x43, 0xD4, 0xB2, 0xA2, 0x42, 0x14, 0xAD, 0x45, 0x43, 0x5A, 0xE5, 0x8D, 0x43, 0x90, 0x8D,
  0xEE, 0x42, 0x31, 0x71, 0x45, 0x43, 0xF8, 0x0A, 0x90, 0x43, 0x42, 0x21, 0x07, 0x43, 0x00, 0x00,
  0x1E, 0xFE, 0x7F, 0xBF, 0x46, 0x58, 0x76, 0xBA, 0x60, 0x62, 0xF6, 0xBB, 0xB3, 0xDA, 0x45, 0x43,
  0x5C, 0xED, 0x8B, 0x43, 0xD4, 0xB2, 0xA2, 0x42, 0x31, 0x71, 0x45, 0x43, 0xF8, 0x0A, 0x90, 0x43,
  0x42, 0x21, 0x07, 0x43, 0x60, 0xD6, 0x45, 0x43, 0xE7, 0x1B, 0x90, 0x43, 0x3B, 0x19, 0xA5, 0x42,
  0x00, 0x00, 0x9B, 0xE0, 0x7F, 0xBF, 0x88, 0x3D, 0xFD, 0xBC, 0x22, 0xE1, 0xC2, 0xBA, 0x94, 0xA1,
  0x45, 0x43, 0x5C, 0xED, 0x8B, 0x43, 0x6A, 0x59, 0x67, 0x43, 0x14, 0xAD, 0x45, 0x43, 0x5A, 0xE5,
  0x8D, 0x43, 0x90, 0x8D, 0xEE, 0x42, 0xB3, 0xDA, 0x45, 0x43, 0x5C, 0xED, 0x8B, 0x43, 0xD4, 0xB2,
  0xA2, 0x42, 0x00, 0x00, 0xB3, 0x40, 0x7F, 0xBF, 0xB9, 0x1D, 0x9C, 0xBD, 0xC5, 0xBB, 0x8D, 0x3B,
  0xD4, 0x2F, 0x45, 0x43, 0xB5, 0xC4, 0x8D, 0x43, 0x0E, 0xD2, 0x41, 0x43, 0x00, 0x00, 0x45, 0x43,
  0x5C, 0xED, 0x8D, 0x43, 0x6A, 0x59, 0x1C, 0x43, 0x94, 0xA1, 0x45, 0x43, 0x5C, 0xED, 0x8B, 0x43,
  0x6A, 0x59, 0x67, 0x43, 0x00, 0x00, 0x18, 0x5D, 0x66, 0xBF, 0x72, 0x2E, 0xDF, 0xBE, 0x7E, 0x69,
  0x80, 0xBC, 0x00, 0x00, 0x45, 0x43, 0x5C, 0xED, 0x8D, 0x43, 0x6A, 0x59, 0x1C, 0x43, 0x14, 0xAD,
  0x45, 0x43, 0x5A, 0xE5, 0x8D, 0x43, 0x90, 0x8D, 0xEE, 0x42, 0x94, 0xA1, 0x45, 0x43, 0x5C, 0xED,
  0x8B, 0x43, 0x6A, 0x59, 0x67, 0x43, 0x00, 0x00, 0x5B, 0x0E, 0x71, 0x3F, 0xD6, 0x52, 0xAC, 0x3E,
  0x1C, 0xD7, 0x01, 0x3C, 0xB2, 0x80, 0x46, 0x43, 0x1B, 0x3A, 0x8E, 0x43, 0x7B, 0x5B, 0x23, 0x43,
  0x60, 0xD6, 0x45, 0x43, 0xE7, 0x1B, 0x90, 0x43, 0x3B, 0x19, 0xA5, 0x42, 0x31, 0x71, 0x45, 0x43,
  0xF8, 0x0A, 0x90, 0x43, 0x42, 0x21, 0x07, 0x43, 0x00, 0x00, 0x55, 0x3A, 0x7B, 0x3F, 0x7C, 0x66,
  0x44, 0x3E, 0x91, 0xCB, 0x47, 0xBC, 0xAD, 0x2B, 0x46, 0x43, 0x4E, 0x04, 0x90, 0x43, 0xD2, 0xEE,
  0x40, 0x43, 0xB2, 0x80, 0x46, 0x43, 0x1B, 0x3A, 0x8E, 0x43, 0x7B, 0x5B, 0x23, 0x43, 0x31, 0x71,
  0x45, 0x43, 0xF8, 0x0A, 0x90, 0x43, 0x42, 0x21, 0x07, 0x43, 0x00, 0x00, 0xA6, 0x50, 0x7C, 0x3F,
  0x93, 0x58, 0x2C, 0xBE, 0xCF, 0xB2, 0x82, 0xBC, 0xB2, 0x80, 0x46, 0x43, 0x1B, 0x3A, 0x8E, 0x43,
  0x7B, 0x5B, 0x23, 0x43, 0x14, 0xAD, 0x45, 0x43, 0x5A, 0xE5, 0x8D, 0x43, 0x90, 0x8D, 0xEE, 0x42,
  0x60, 0xD6, 0x45, 0x43, 0xE7, 0x1B, 0x90, 0x43, 0x3B, 0x19, 0xA5, 0x42, 0x00, 0x00, 0x42, 0xFF,
  0x7F, 0x3F, 0xAA, 0xE3, 0xB2, 0x3A, 0x85, 0x4F, 0x95, 0x3B, 0x60, 0xD6, 0x45, 0x43, 0xE7, 0x1B,
  0x90, 0x43, 0x3B, 0x19, 0xA5, 0x42, 0x14, 0xAD, 0x45, 0x43, 0x5A, 0xE5, 0x8D, 0x43, 0x90, 0x8D,
  0xEE, 0x42, 0xB3, 0xDA, 0x45, 0x43, 0x5C, 0xED, 0x8B, 0x43, 0xD4, 0xB2, 0xA2, 0x42, 0x00, 0x00,
  0x03, 0x98, 0x79, 0x3F, 0x66, 0x1B, 0x61, 0xBE, 0x46, 0xA2, 0x07, 0xBD, 0x94, 0xA1, 0x45, 0x43,
  0x5C, 0xED, 0x8B, 0x43, 0x6A, 0x59, 0x67, 0x43, 0xD4, 0x2F, 0x45, 0x43, 0xB5, 0xC4, 0x8D, 0x43,
  0x0E, 0xD2, 0x41, 0x43, 0xAD, 0x2B, 0x46, 0x43, 0x4E, 0x04, 0x90, 0x43, 0xD2, 0xEE, 0x40, 0x43,
  0x00, 0x00, 0xC6, 0xF9, 0x7F, 0x3F, 0x5E, 0x24, 0xDF, 0xBA, 0xEB, 0x1A, 0x60, 0x3C, 0x94, 0xA1,
  0x45, 0x43, 0x5C, 0xED, 0x8B, 0x43, 0x6A, 0x59, 0x67, 0x43, 0xAD, 0x2B, 0x46, 0x43, 0x4E, 0x04,
  0x90, 0x43, 0xD2, 0xEE, 0x40, 0x43, 0x6D, 0xA9, 0x45, 0x43, 0xE7, 0x1B, 0x90, 0x43, 0x37, 0x26,
  0x66, 0x43, 0x00, 0x00, 0x84, 0x7B, 0x7C, 0x3F, 0x13, 0x29, 0x29, 0xBE, 0x39, 0x4B, 0xC0, 0x3A,
  0xB3, 0xDA, 0x45, 0x43, 0x5C, 0xED, 0x8B, 0x43, 0xD4, 0xB2, 0xA2, 0x42, 0xB2, 0x80, 0x46, 0x43,
  0x1B, 0x3A, 0x8E, 0x43, 0x7B, 0x5B, 0x23, 0x43, 0x94, 0xA1, 0x45, 0x43, 0x5C, 0xED, 0x8B, 0x43,
  0x6A, 0x59, 0x67, 0x43, 0x00, 0x00, 0x70, 0xBC, 0x46, 0x3F, 0x3E, 0xCF, 0x20, 0x3F, 0x22, 0xD1,
  0x56, 0x3D, 0x94, 0xA1, 0x45, 0x43, 0x5C, 0xED, 0x8B, 0x43, 0x6A, 0x59, 0x67, 0x43, 0xB2, 0x80,
  0x46, 0x43, 0x1B, 0x3A, 0x8E, 0x43, 0x7B, 0x5B, 0x23, 0x43, 0xD4, 0x2F, 0x45, 0x43, 0xB5, 0xC4,
  0x8D, 0x43, 0x0E, 0xD2, 0x41, 0x43, 0x00, 0x00, 0x3D, 0x74, 0x77, 0x3F, 0x3C, 0xB4, 0x82, 0x3E,
  0x22, 0xE7, 0xB3, 0xBC, 0xB3, 0xDA, 0x45, 0x43, 0x5C, 0xED, 0x8B, 0x43, 0xD4, 0xB2, 0xA2, 0x42,
  0x14, 0xAD, 0x45, 0x43, 0x5A, 0xE5, 0x8D, 0x43, 0x90, 0x8D, 0xEE, 0x42, 0xB2, 0x80, 0x46, 0x43,
  0x1B, 0x3A, 0x8E, 0x43, 0x7B, 0x5B, 0x23, 0x43, 0x00, 0x00, 0x0C, 0x4C, 0x7A, 0x3F, 0x49, 0xC0,
  0x53, 0xBE, 0xE3, 0x7C, 0x13, 0x3D, 0xD4, 0x2F, 0x45, 0x43, 0xB5, 0xC4, 0x8D, 0x43, 0x0E, 0xD2,
  0x41, 0x43, 0xB2, 0x80, 0x46, 0x43, 0x1B, 0x3A, 0x8E, 0x43, 0x7B, 0x5B, 0x23, 0x43, 0xAD, 0x2B,
  0x46, 0x43, 0x4E, 0x04, 0x90, 0x43, 0xD2, 0xEE, 0x40, 0x43, 0x00, 0x00, 0x74, 0xF9, 0x7F, 0x3F,
  0x71, 0x8A, 0x33, 0x3C, 0xF7, 0x3E, 0x12, 0xBC, 0xC1, 0x5B, 0x2B, 0x40, 0x80, 0xF1, 0x8F, 0x43,
  0x48, 0x92, 0x03, 0x43, 0x84, 0x4C, 0x14, 0x40, 0x5C, 0xED, 0x8B, 0x43, 0xD4, 0xB2, 0xA2, 0x42,
  0x45, 0x1E, 0x0F, 0x40, 0xE7, 0x1B, 0x90, 0x43, 0x3B, 0x19, 0xA5, 0x42, 0x00, 0x00, 0x26, 0xBA,
  0x7D, 0x3F, 0xDD, 0x0D, 0x08, 0x3E, 0x5A, 0xAE, 0xA2, 0x3B, 0x02, 0x00, 0x40, 0x40, 0x5C, 0xED,
  0x8D, 0x43, 0x6A, 0x19, 0x2F, 0x43, 0xC1, 0x5B, 0x2B, 0x40, 0x80, 0xF1, 0x8F, 0x43, 0x48, 0x92,
  0x03, 0x43, 0xF5, 0x4B, 0x16, 0x40, 0xD7, 0x07, 0x90, 0x43, 0x6B, 0x99, 0x40, 0x43, 0x00, 0x00,
  0xE3, 0x5C, 0x7B, 0x3F, 0x6D, 0x04, 0x42, 0xBE, 0x36, 0x6F, 0x74, 0x3A, 0x84, 0x4C, 0x14, 0x40,
  0x5C, 0xED, 0x8B, 0x43, 0xD4, 0xB2, 0xA2, 0x42, 0x02, 0x00, 0x40, 0x40, 0x5C, 0xED, 0x8D, 0x43,
  0x6A, 0x19, 0x2F, 0x43, 0xAB, 0x2E, 0x0B, 0x40, 0x5C, 0xED, 0x8B, 0x43, 0x6A, 0x59, 0x67, 0x43,
  0x00, 0x00, 0x41, 0xF8, 0x7F, 0x3F, 0xC9, 0x55, 0x70, 0x3B, 0xA5, 0x9F, 0x74, 0x3C, 0xAB, 0x2E,
  0x0B, 0x40, 0x5C, 0xED, 0x8B, 0x43, 0x6A, 0x59, 0x67, 0x43, 0x02, 0x00, 0x40, 0x40, 0x5C, 0xED,
  0x8D, 0x43, 0x6A, 0x19, 0x2F, 0x43, 0xAD, 0x5D, 0x0A, 0x40, 0xE7, 0x1B, 0x90, 0x43, 0x37, 0x26,
  0x66, 0x43, 0x00, 0x00, 0x43, 0xA4, 0x7D, 0x3F, 0x63, 0x9A, 0x0A, 0x3E, 0x74, 0xAA, 0x8E, 0x3B,
  0xAD, 0x5D, 0x0A, 0x40, 0xE7, 0x1B, 0x90, 0x43, 0x37, 0x26, 0x66, 0x43, 0x02, 0x00, 0x40, 0x40,
  0x5C, 0xED, 0x8D, 0x43, 0x6A, 0x19, 0x2F, 0x43, 0xF5, 0x4B, 0x16, 0x40, 0xD7, 0x07, 0x90, 0x43,
  0x6B, 0x99, 0x40, 0x43, 0x00, 0x00, 0x37, 0xFE, 0x7F, 0x3F, 0xE2, 0x4F, 0x74, 0x3A, 0x88, 0xF6,
  0xEF, 0xBB, 0x02, 0x00, 0x40, 0x40, 0x5C, 0xED, 0x8D, 0x43, 0x6A, 0x19, 0x2F, 0x43, 0x84, 0x4C,
  0x14, 0x40, 0x5C, 0xED, 0x8B, 0x43, 0xD4, 0xB2, 0xA2, 0x42, 0xC1, 0x5B, 0x2B, 0x40, 0x80, 0xF1,
  0x8F, 0x43, 0x48, 0x92, 0x03, 0x43, 0x00, 0x00, 0x8F, 0x63, 0x74, 0xBF, 0xAA, 0x6A, 0x98, 0x3E,
  0x28, 0x94, 0xC4, 0xBB, 0x02, 0x00, 0xC0, 0x3F, 0x5C, 0xED, 0x8D, 0x43, 0xD5, 0xB2, 0xED, 0x42,
  0xF5, 0x4B, 0x16, 0x40, 0xD7, 0x07, 0x90, 0x43, 0x6B, 0x99, 0x40, 0x43, 0xC1, 0x5B, 0x2B, 0x40,
  0x80, 0xF1, 0x8F, 0x43, 0x48, 0x92, 0x03, 0x43, 0x00, 0x00, 0x98, 0x69, 0x74, 0xBF, 0xF7, 0x43,
  0x98, 0x3E, 0xFB, 0xFD, 0xC3, 0xBB, 0xF5, 0x4B, 0x16, 0x40, 0xD7, 0x07, 0x90, 0x43, 0x6B, 0x99,
  0x40, 0x43, 0x02, 0x00, 0xC0, 0x3F, 0x5C, 0xED, 0x8D, 0x43, 0xD5, 0xB2, 0xED, 0x42, 0xAD, 0x5D,
  0x0A, 0x40, 0xE7, 0x1B, 0x90, 0x43, 0x37, 0x26, 0x66, 0x43, 0x00, 0x00, 0xAB, 0x1A, 0x7D, 0xBF,
  0xD6, 0x95, 0x19, 0x3E, 0x36, 0xCF, 0x29, 0xB2, 0xAD, 0x5D, 0x0A, 0x40, 0xE7, 0x1B, 0x90, 0x43,
  0x37, 0x26, 0x66, 0x43, 0x02, 0x00, 0xC0, 0x3F, 0x5C, 0xED, 0x8D, 0x43, 0xD5, 0xB2, 0xED, 0x42,
  0x02, 0x00, 0xC0, 0x3F, 0x5C, 0xED, 0x8D, 0x43, 0x6A, 0x59, 0x1C, 0x43, 0x00, 0x00, 0xAC, 0x1A,
  0x7D, 0xBF, 0xBD, 0x95, 0x19, 0x3E, 0xA6, 0x67, 0x57, 0x32, 0xAD, 0x5D, 0x0A, 0x40, 0xE7, 0x1B,
  0x90, 0x43, 0x37, 0x26, 0x66, 0x43, 0x02, 0x00, 0xC0, 0x3F, 0x5C, 0xED, 0x8D, 0x43, 0x6A, 0x59,
  0x1C, 0x43, 0x02, 0x00, 0xC0, 0x3F, 0x5C, 0xED, 0x8D, 0x43, 0x6A, 0xD9, 0x41, 0x43, 0x00, 0x00,
  0x39, 0xF5, 0x7F, 0xBF, 0xEC, 0x97, 0x8C, 0x3A, 0xFD, 0x4E, 0x94, 0x3C, 0x02, 0x00, 0xC0, 0x3F,
  0x5C, 0xED, 0x8D, 0x43, 0x6A, 0xD9, 0x41, 0x43, 0xAB, 0x2E, 0x0B, 0x40, 0x5C, 0xED, 0x8B, 0x43,
  0x6A, 0x59, 0x67, 0x43, 0xAD, 0x5D, 0x0A, 0x40, 0xE7, 0x1B, 0x90, 0x43, 0x37, 0x26, 0x66, 0x43,
  0x00, 0x00, 0x46, 0xA9, 0x7B, 0xBF, 0xEF, 0xB9, 0x3B, 0xBE, 0x7E, 0xB9, 0x74, 0xBA, 0x02, 0x00,
  0xC0, 0x3F, 0x5C, 0xED, 0x8D, 0x43, 0x6A, 0x59, 0x1C, 0x43, 0x84, 0x4C, 0x14, 0x40, 0x5C, 0xED,
  0x8B, 0x43, 0xD4, 0xB2, 0xA2, 0x42, 0xAB, 0x2E, 0x0B, 0x40, 0x5C, 0xED, 0x8B, 0x43, 0x6A, 0x59,
  0x67, 0x43, 0x00, 0x00, 0xFE, 0xEF, 0x7F, 0xBF, 0x6D, 0xFA, 0xD9, 0xBB, 0x38, 0xA8, 0xAC, 0xBC,
  0x84, 0x4C, 0x14, 0x40, 0x5C, 0xED, 0x8B, 0x43, 0xD4, 0xB2, 0xA2, 0x42, 0x02, 0x00, 0xC0, 0x3F,
  0x5C, 0xED, 0x8D, 0x43, 0xD5, 0xB2, 0xED, 0x42, 0x45, 0x1E, 0x0F, 0x40, 0xE7, 0x1B, 0x90, 0x43,
  0x3B, 0x19, 0xA5, 0x42, 0x00, 0x00, 0xF8, 0xDC, 0x77, 0xBF, 0x11, 0xE6, 0x7F, 0x3E, 0xF2, 0x73,
  0x2A, 0x3C, 0x45, 0x1E, 0x0F, 0x40, 0xE7, 0x1B, 0x90, 0x43, 0x3B, 0x19, 0xA5, 0x42, 0x02, 0x00,
  0xC0, 0x3F, 0x5C, 0xED, 0x8D, 0x43, 0xD5, 0xB2, 0xED, 0x42, 0xC1, 0x5B, 0x2B, 0x40, 0x80, 0xF1,
  0x8F, 0x43, 0x48, 0x92, 0x03, 0x43, 0x00, 0x00, 0xC6, 0xD1, 0x7A, 0xBF, 0x80, 0xF6, 0x4C, 0xBE,
  0x03, 0x9C, 0x62, 0x32, 0x02, 0x00, 0xC0, 0x3F, 0x5C, 0xED, 0x8D, 0x43, 0x6A, 0x59, 0x1C, 0x43,
  0x02, 0x00, 0xC0, 0x3F, 0x5C, 0xED, 0x8D, 0x43, 0xD5, 0xB2, 0xED, 0x42, 0x84, 0x4C, 0x14, 0x40,
  0x5C, 0xED, 0x8B, 0x43, 0xD4, 0xB2, 0xA2, 0x42, 0x00, 0x00, 0x13, 0x6F, 0x7C, 0xBF, 0xDE, 0x52,
  0x2A, 0xBE, 0x17, 0xE1, 0x6E, 0xB2, 0x02, 0x00, 0xC0, 0x3F, 0x5C, 0xED, 0x8D, 0x43, 0x6A, 0xD9,
  0x41, 0x43, 0x02, 0x00, 0xC0, 0x3F, 0x5C, 0xED, 0x8D, 0x43, 0x6A, 0x59, 0x1C, 0x43, 0xAB, 0x2E,
  0x0B, 0x40, 0x5C, 0xED, 0x8B, 0x43, 0x6A, 0x59, 0x67, 0x43, 0x00, 0x00, 0x78, 0x86, 0x64, 0xB9,
  0xBD, 0x0F, 0x34, 0x3D, 0xA5, 0xC0, 0x7F, 0xBF, 0x00, 0x80, 0x09, 0x43, 0x5C, 0xED, 0x8D, 0x43,
  0x03, 0xE7, 0x7D, 0x43, 0x22, 0xC1, 0x71, 0x42, 0x12, 0xC8, 0x8F, 0x43, 0x18, 0x15, 0x7E, 0x43,
  0x00, 0x00, 0xC8, 0x42, 0xD7, 0x07, 0x90, 0x43, 0x7F, 0x18, 0x7E, 0x43, 0x00, 0x00, 0xF9, 0x37,
  0x27, 0xBC, 0x2B, 0x23, 0x28, 0xBE, 0x0F, 0x83, 0x7C, 0xBF, 0x00, 0x80, 0x09, 0x43, 0x5C, 0xED,
  0x8D, 0x43, 0x03, 0xE7, 0x7D, 0x43, 0x53, 0xF0, 0xC7, 0x42, 0x39, 0xEC, 0x8D, 0x43, 0xCE, 0x4A,
  0x7E, 0x43, 0x22, 0xC1, 0x71, 0x42, 0x12, 0xC8, 0x8F, 0x43, 0x18, 0x15, 0x7E, 0x43, 0x00, 0x00,
  0x15, 0x00, 0x1E, 0x3C, 0x40, 0xAA, 0x06, 0x3E, 0xBF, 0xC3, 0x7D, 0xBF, 0x00, 0x80, 0x09, 0x43,
  0x5C, 0xED, 0x8D, 0x43, 0x03, 0xE7, 0x7D, 0x43, 0x00, 0x00, 0xC8, 0x42, 0xD7, 0x07, 0x90, 0x43,
  0x7F, 0x18, 0x7E, 0x43, 0x9E, 0xD8, 0x0A, 0x43, 0xED, 0x01, 0x90, 0x43, 0xAD, 0x77, 0x7E, 0x43,
  0x00, 0x00, 0x9D, 0x7B, 0xAB, 0x38, 0x40, 0x56, 0x11, 0xBD, 0xBB, 0xD6, 0x7F, 0xBF, 0x45, 0xED,
  0xCA, 0x41, 0x5C, 0x39, 0x8C, 0x43, 0xA0, 0x03, 0x7E, 0x43, 0x00, 0x80, 0x09, 0x43, 0x5C, 0xED,
  0x8D, 0x43, 0x03, 0xE7, 0x7D, 0x43, 0x2A, 0x6B, 0x2E, 0x43, 0x4E, 0x73, 0x8C, 0x43, 0xA2, 0x02,
  0x7E, 0x43, 0x00, 0x00, 0x9A, 0x4C, 0x5A, 0x3C, 0x1D, 0x76, 0x05, 0x3E, 0x20, 0xCB, 0x7D, 0xBF,
  0x2A, 0x6B, 0x2E, 0x43, 0x4E, 0x73, 0x8C, 0x43, 0xA2, 0x02, 0x7E, 0x43, 0x00, 0x80, 0x09, 0x43,
  0x5C, 0xED, 0x8D, 0x43, 0x03, 0xE7, 0x7D, 0x43, 0x9E, 0xD8, 0x0A, 0x43, 0xED, 0x01, 0x90, 0x43,
  0xAD, 0x77, 0x7E, 0x43, 0x00, 0x00, 0x60, 0x03, 0x8B, 0x3B, 0x2D, 0x80, 0x39, 0xBC, 0x36, 0xFB,
  0x7F, 0xBF, 0x45, 0xED, 0xCA, 0x41, 0x5C, 0x39, 0x8C, 0x43, 0xA0, 0x03, 0x7E, 0x43, 0x22, 0xC1,
  0x71, 0x42, 0x12, 0xC8, 0x8F, 0x43, 0x18, 0x15, 0x7E, 0x43, 0x53, 0xF0, 0xC7, 0x42, 0x39, 0xEC,
  0x8D, 0x43, 0xCE, 0x4A, 0x7E, 0x43, 0x00, 0x00, 0x32, 0x9D, 0x23, 0xBC, 0xD8, 0x47, 0x98, 0x3E,
  0xCC, 0x66, 0x74, 0xBF, 0x53, 0xF0, 0xC7, 0x42, 0x39, 0xEC, 0x8D, 0x43, 0xCE, 0x4A, 0x7E, 0x43,
  0x00, 0x80, 0x09, 0x43, 0x5C, 0xED, 0x8D, 0x43, 0x03, 0xE7, 0x7D, 0x43, 0x45, 0xED, 0xCA, 0x41,
  0x5C, 0x39, 0x8C, 0x43, 0xA0, 0x03, 0x7E, 0x43, 0x00, 0x00, 0xD7, 0xB8, 0x1B, 0xBC, 0x86, 0x00,
  0x3F, 0x3D, 0xBF, 0xB5, 0x7F, 0x3F, 0x53, 0xF0, 0xC7, 0x42, 0x39, 0xEC, 0x8D, 0x43, 0xCE, 0x4A,
  0x7E, 0x43, 0x9E, 0xD8, 0x0A, 0x43, 0xED, 0x01, 0x90, 0x43, 0xAD, 0x77, 0x7E, 0x43, 0x00, 0x00,
  0xC8, 0x42, 0xD7, 0x07, 0x90, 0x43, 0x7F, 0x18, 0x7E, 0x43, 0x00, 0x00, 0x07, 0xB7, 0x71, 0xBA,
  0x7C, 0xC1, 0x3E, 0x3D, 0xDD, 0xB8, 0x7F, 0x3F, 0x22, 0xC1, 0x71, 0x42, 0x12, 0xC8, 0x8F, 0x43,
  0x18, 0x15, 0x7E, 0x43, 0x53, 0xF0, 0xC7, 0x42, 0x39, 0xEC, 0x8D, 0x43, 0xCE, 0x4A, 0x7E, 0x43,
  0x00, 0x00, 0xC8, 0x42, 0xD7, 0x07, 0x90, 0x43, 0x7F, 0x18, 0x7E, 0x43, 0x00, 0x00, 0x95, 0x12,
  0x29, 0x3C, 0x77, 0x28, 0x0D, 0xBE, 0xD1, 0x8A, 0x7D, 0x3F, 0x9E, 0xD8, 0x0A, 0x43, 0xED, 0x01,
  0x90, 0x43, 0xAD, 0x77, 0x7E, 0x43, 0x53, 0xF0, 0xC7, 0x42, 0x39, 0xEC, 0x8D, 0x43, 0xCE, 0x4A,
  0x7E, 0x43, 0x00, 0x80, 0x09, 0x43, 0x5C, 0xED, 0x8D, 0x43, 0x03, 0xE7, 0x7D, 0x43, 0x00, 0x00,
  0x9A, 0x4C, 0x5A, 0xBC, 0x1D, 0x76, 0x05, 0xBE, 0x20, 0xCB, 0x7D, 0x3F, 0x9E, 0xD8, 0x0A, 0x43,
  0xED, 0x01, 0x90, 0x43, 0xAD, 0x77, 0x7E, 0x43, 0x00, 0x80, 0x09, 0x43, 0x5C, 0xED, 0x8D, 0x43,
  0x03, 0xE7, 0x7D, 0x43, 0x2A, 0x6B, 0x2E, 0x43, 0x4E, 0x73, 0x8C, 0x43, 0xA2, 0x02, 0x7E, 0x43,
  0x00, 0x00, 0xEC, 0xA6, 0x99, 0x39, 0xAF, 0x24, 0xB4, 0xBD, 0xFA, 0x01, 0x7F, 0x3F, 0x2A, 0x6B,
  0x2E, 0x43, 0x4E, 0x73, 0x8C, 0x43, 0xA2, 0x02, 0x7E, 0x43, 0x53, 0xF0, 0xC7, 0x42, 0x39, 0xEC,
  0x8D, 0x43, 0xCE, 0x4A, 0x7E, 0x43, 0x45, 0xED, 0xCA, 0x41, 0x5C, 0x39, 0x8C, 0x43, 0xA0, 0x03,
  0x7E, 0x43, 0x00, 0x00, 0x60, 0x03, 0x8B, 0xBB, 0x2D, 0x80, 0x39, 0x3C, 0x36, 0xFB, 0x7F, 0x3F,
  0x45, 0xED, 0xCA, 0x41, 0x5C, 0x39, 0x8C, 0x43, 0xA0, 0x03, 0x7E, 0x43, 0x53, 0xF0, 0xC7, 0x42,
  0x39, 0xEC, 0x8D, 0x43, 0xCE, 0x4A, 0x7E, 0x43, 0x22, 0xC1, 0x71, 0x42, 0x12, 0xC8, 0x8F, 0x43,
  0x18, 0x15, 0x7E, 0x43, 0x00, 0x00, 0xB1, 0x3C, 0x27, 0x3C, 0xD3, 0x8C, 0x27, 0x3E, 0x4E, 0x89,
  0x7C, 0x3F, 0x00, 0x80, 0x09, 0x43, 0x5C, 0xED, 0x8D, 0x43, 0x03, 0xE7, 0x7D, 0x43, 0x53, 0xF0,
  0xC7, 0x42, 0x39, 0xEC, 0x8D, 0x43, 0xCE, 0x4A, 0x7E, 0x43, 0x2A, 0x6B, 0x2E, 0x43, 0x4E, 0x73,
  0x8C, 0x43, 0xA2, 0x02, 0x7E, 0x43, 0x00, 0x00, 0x32, 0x4C, 0xB3, 0xBB, 0x61, 0x5D, 0x1E, 0x3E,
  0x88, 0xEA, 0x7C, 0x3F, 0x00, 0x00, 0x7A, 0x42, 0x5C, 0xED, 0x8D, 0x43, 0xAA, 0x65, 0x6D, 0x42,
  0x3C, 0x31, 0xCD, 0x42, 0xED, 0x01, 0x90, 0x43, 0x1F, 0xAE, 0x6B, 0x42, 0x00, 0x00, 0x7F, 0x42,
  0xD7, 0x07, 0x90, 0x43, 0x69, 0xCA, 0x6A, 0x42, 0x00, 0x00, 0x39, 0xFC, 0x1E, 0x3D, 0x9E, 0xC5,
  0x8C, 0xBE, 0xDE, 0xEE, 0x75, 0x3F, 0x00, 0x00, 0x7A, 0x42, 0x5C, 0xED, 0x8D, 0x43, 0xAA, 0x65,
  0x6D, 0x42, 0x18, 0x0A, 0xC8, 0x42, 0xF4, 0x02, 0x8E, 0x43, 0xCB, 0x86, 0x67, 0x42, 0x3C, 0x31,
  0xCD, 0x42, 0xED, 0x01, 0x90, 0x43, 0x1F, 0xAE, 0x6B, 0x42, 0x00, 0x00, 0x9F, 0x56, 0xE6, 0xBB,
  0x5C, 0x6D, 0x7D, 0xBE, 0x93, 0x07, 0x78, 0x3F, 0x18, 0x0A, 0xC8, 0x42, 0xF4, 0x02, 0x8E, 0x43,
  0xCB, 0x86, 0x67, 0x42, 0xB6, 0x05, 0x09, 0x43, 0x0B, 0xD7, 0x8F, 0x43, 0x40, 0x56, 0x6C, 0x42,
  0x3C, 0x31, 0xCD, 0x42, 0xED, 0x01, 0x90, 0x43, 0x1F, 0xAE, 0x6B, 0x42, 0x00, 0x00, 0x87, 0x27,
  0x5A, 0x3C, 0xC1, 0xC6, 0x87, 0x3C, 0x30, 0xF1, 0x7F, 0x3F, 0xCD, 0xCC, 0x2D, 0x43, 0xE7, 0x1B,
  0x90, 0x43, 0x8E, 0x57, 0x6A, 0x42, 0xB6, 0x05, 0x09, 0x43, 0x0B, 0xD7, 0x8F, 0x43, 0x40, 0x56,
  0x6C, 0x42, 0x00, 0x00, 0x2F, 0x43, 0x5C, 0xED, 0x8B, 0x43, 0x2B, 0xD5, 0x6A, 0x42, 0x00, 0x00,
  0x83, 0xA2, 0xBE, 0xBA, 0x21, 0xC3, 0x4A, 0xBE, 0x51, 0xEE, 0x7A, 0x3F, 0x00, 0x00, 0x2F, 0x43,
  0x5C, 0xED, 0x8B, 0x43, 0x2B, 0xD5, 0x6A, 0x42, 0x00, 0x00, 0x7A, 0x42, 0x5C, 0xED, 0x8D, 0x43,
  0xAA, 0x65, 0x6D, 0x42, 0x00, 0x00, 0xC8, 0x41, 0x5C, 0xED, 0x8B, 0x43, 0x41, 0xF1, 0x69, 0x42,
  0x00, 0x00, 0xCC, 0xD5, 0xBC, 0xBC, 0x09, 0x8D, 0x7D, 0x39, 0x96, 0xEE, 0x7F, 0x3F, 0x00, 0x00,
  0xC8, 0x41, 0x5C, 0xED, 0x8B, 0x43, 0x41, 0xF1, 0x69, 0x42, 0x00, 0x00, 0x7A, 0x42, 0x5C, 0xED,
  0x8D, 0x43, 0xAA, 0x65, 0x6D, 0x42, 0x9C, 0x99, 0xD1, 0x41, 0xE7, 0x1B, 0x90, 0x43, 0x84, 0x0B,
  0x6A, 0x42, 0x00, 0x00, 0x8C, 0x9F, 0x8B, 0xBB, 0x89, 0x01, 0x1E, 0x3E, 0x83, 0xEE, 0x7C, 0x3F,
  0x9C, 0x99, 0xD1, 0x41, 0xE7, 0x1B, 0x90, 0x43, 0x84, 0x0B, 0x6A, 0x42, 0x00, 0x00, 0x7A, 0x42,
  0x5C, 0xED, 0x8D, 0x43, 0xAA, 0x65, 0x6D, 0x42, 0x00, 0x00, 0x7F, 0x42, 0xD7, 0x07, 0x90, 0x43,
  0x69, 0xCA, 0x6A, 0x42, 0x00, 0x00, 0xA4, 0x27, 0x98, 0xBC, 0xE8, 0x07, 0x0D, 0xBE, 0x0F, 0x84,
  0x7D, 0x3F, 0x00, 0x00, 0x2F, 0x43, 0x5C, 0xED, 0x8B, 0x43, 0x2B, 0xD5, 0x6A, 0x42, 0xB6, 0x05,
  0x09, 0x43, 0x0B, 0xD7, 0x8F, 0x43, 0x40, 0x56, 0x6C, 0x42, 0x18, 0x0A, 0xC8, 0x42, 0xF4, 0x02,
  0x8E, 0x43, 0xCB, 0x86, 0x67, 0x42, 0x00, 0x00, 0xDA, 0x5D, 0xDE, 0x3C, 0x4E, 0xF2, 0x23, 0x3F,
  0x0C, 0x7E, 0x44, 0x3F, 0x00, 0x00, 0x2F, 0x43, 0x5C, 0xED, 0x8B, 0x43, 0x2B, 0xD5, 0x6A, 0x42,
  0x18, 0x0A, 0xC8, 0x42, 0xF4, 0x02, 0x8E, 0x43, 0xCB, 0x86, 0x67, 0x42, 0x00, 0x00, 0x7A, 0x42,
  0x5C, 0xED, 0x8D, 0x43, 0xAA, 0x65, 0x6D, 0x42, 0x00, 0x00, 0xBC, 0x0B, 0x14, 0x3B, 0x6E, 0x4C,
  0x7B, 0x3F, 0x6C, 0x55, 0x43, 0xBE, 0xEE, 0x1A, 0x08, 0x43, 0x6C, 0xDD, 0x8F, 0x43, 0xA9, 0x65,
  0x67, 0x42, 0x00, 0x00, 0x7F, 0x42, 0xD7, 0x07, 0x90, 0x43, 0x69, 0xCA, 0x6A, 0x42, 0x3C, 0x31,
  0xCD, 0x42, 0xED, 0x01, 0x90, 0x43, 0x1F, 0xAE, 0x6B, 0x42, 0x00, 0x00, 0x91, 0xB0, 0x8C, 0x3B,
  0x0D, 0xEC, 0x7F, 0x3F, 0xA9, 0x07, 0xC7, 0xBC, 0x00, 0x00, 0x7F, 0x42, 0xD7, 0x07, 0x90, 0x43,
  0x69, 0xCA, 0x6A, 0x42, 0xEE, 0x1A, 0x08, 0x43, 0x6C, 0xDD, 0x8F, 0x43, 0xA9, 0x65, 0x67, 0x42,
  0x9C, 0x99, 0xD1, 0x41, 0xE7, 0x1B, 0x90, 0x43, 0x84, 0x0B, 0x6A, 0x42, 0x00, 0x00, 0xA4, 0x2E,
  0xBE, 0xBB, 0xE7, 0xB6, 0x43, 0x3D, 0x0A, 0xB4, 0x7F, 0xBF, 0x9C, 0x99, 0xD1, 0x41, 0xE7, 0x1B,
  0x90, 0x43, 0x84, 0x0B, 0x6A, 0x42, 0xEE, 0x1A, 0x08, 0x43, 0x6C, 0xDD, 0x8F, 0x43, 0xA9, 0x65,
  0x67, 0x42, 0x18, 0x0A, 0xC8, 0x42, 0xF4, 0x02, 0x8E, 0x43, 0xCB, 0x86, 0x67, 0x42, 0x00, 0x00,
  0x52, 0x17, 0x34, 0x39, 0xF2, 0x03, 0x1B, 0x3E, 0xB7, 0x0C, 0x7D, 0xBF, 0x9C, 0x99, 0xD1, 0x41,
  0xE7, 0x1B, 0x90, 0x43, 0x84, 0x0B, 0x6A, 0x42, 0x18, 0x0A, 0xC8, 0x42, 0xF4, 0x02, 0x8E, 0x43,
  0xCB, 0x86, 0x67, 0x42, 0x00, 0x00, 0x7A, 0x42, 0x5C, 0xED, 0x8D, 0x43, 0xA9, 0x65, 0x67, 0x42,
  0x00, 0x00, 0x2E, 0xDD, 0x8F, 0xBC, 0x1F, 0x07, 0xB7, 0x3B, 0xDF, 0xF4, 0x7F, 0xBF, 0x00, 0x00,
  0x7A, 0x42, 0x5C, 0xED, 0x8D, 0x43, 0xA9, 0x65, 0x67, 0x42, 0x00, 0x00, 0xC8, 0x41, 0x5C, 0xED,
  0x8B, 0x43, 0x41, 0xF1, 0x69, 0x42, 0x9C, 0x99, 0xD1, 0x41, 0xE7, 0x1B, 0x90, 0x43, 0x84, 0x0B,
  0x6A, 0x42, 0x00, 0x00, 0x8E, 0xC2, 0x1C, 0x3C, 0xC9, 0xD8, 0x7F, 0x3F, 0x8F, 0x26, 0x08, 0x3D,
  0xEE, 0x1A, 0x08, 0x43, 0x6C, 0xDD, 0x8F, 0x43, 0xA9, 0x65, 0x67, 0x42, 0x3C, 0x31, 0xCD, 0x42,
  0xED, 0x01, 0x90, 0x43, 0x1F, 0xAE, 0x6B, 0x42, 0xB6, 0x05, 0x09, 0x43, 0x0B, 0xD7, 0x8F, 0x43,
  0x40, 0x56, 0x6C, 0x42, 0x00, 0x00, 0x04, 0x24, 0x37, 0x3F, 0x73, 0x65, 0xF3, 0x3E, 0x7F, 0x17,
  0x03, 0xBF, 0xEE, 0x1A, 0x08, 0x43, 0x6C, 0xDD, 0x8F, 0x43, 0xA9, 0x65, 0x67, 0x42, 0xB6, 0x05,
  0x09, 0x43, 0x0B, 0xD7, 0x8F, 0x43, 0x40, 0x56, 0x6C, 0x42, 0x7E, 0x6A, 0x0B, 0x43, 0xAF, 0x5F,
  0x8D, 0x43, 0xA9, 0x65, 0x67, 0x42, 0x00, 0x00, 0x84, 0x59, 0xBB, 0x3A, 0x3E, 0x6B, 0x89, 0xBE,
  0x52, 0x9B, 0x76, 0xBF, 0x00, 0x00, 0xC8, 0x41, 0x5C, 0xED, 0x8B, 0x43, 0x41, 0xF1, 0x69, 0x42,
  0x7E, 0x6A, 0x0B, 0x43, 0xAF, 0x5F, 0x8D, 0x43, 0xA9, 0x65, 0x67, 0x42, 0x00, 0x00, 0x2F, 0x43,
  0x5C, 0xED, 0x8B, 0x43, 0x2B, 0xD5, 0x6A, 0x42, 0x00, 0x00, 0xF3, 0x1D, 0xBE, 0x3C, 0xAF, 0xAB,
  0x39, 0xBC, 0x24, 0xEA, 0x7F, 0xBF, 0x00, 0x00, 0x2F, 0x43, 0x5C, 0xED, 0x8B, 0x43, 0x2B, 0xD5,
  0x6A, 0x42, 0x7E, 0x6A, 0x0B, 0x43, 0xAF, 0x5F, 0x8D, 0x43, 0xA9, 0x65, 0x67, 0x42, 0xCD, 0xCC,
  0x2D, 0x43, 0xE7, 0x1B, 0x90, 0x43, 0x8E, 0x57, 0x6A, 0x42, 0x00, 0x00, 0xDD, 0x24, 0x88, 0xBC,
  0x01, 0xE4, 0x70, 0x3E, 0x7F, 0xC7, 0x78, 0xBF, 0xCD, 0xCC, 0x2D, 0x43, 0xE7, 0x1B, 0x90, 0x43,
  0x8E, 0x57, 0x6A, 0x42, 0x7E, 0x6A, 0x0B, 0x43, 0xAF, 0x5F, 0x8D, 0x43, 0xA9, 0x65, 0x67, 0x42,
  0xB6, 0x05, 0x09, 0x43, 0x0B, 0xD7, 0x8F, 0x43, 0x40, 0x56, 0x6C, 0x42, 0x00, 0x00, 0x76, 0xAD,
  0xD4, 0x3A, 0xE8, 0x0C, 0x30, 0xBE, 0x18, 0x30, 0x7C, 0xBF, 0x18, 0x0A, 0xC8, 0x42, 0xF4, 0x02,
  0x8E, 0x43, 0xCB, 0x86, 0x67, 0x42, 0x00, 0x00, 0xC8, 0x41, 0x5C, 0xED, 0x8B, 0x43, 0x41, 0xF1,
  0x69, 0x42, 0x00, 0x00, 0x7A, 0x42, 0x5C, 0xED, 0x8D, 0x43, 0xA9, 0x65, 0x67, 0x42, 0x00, 0x00,
  0x9C, 0x08, 0x5C, 0xBA, 0xD2, 0x36, 0x12, 0xBA, 0xF7, 0xFF, 0x7F, 0xBF, 0x18, 0x0A, 0xC8, 0x42,
  0xF4, 0x02, 0x8E, 0x43, 0xCB, 0x86, 0x67, 0x42, 0xEE, 0x1A, 0x08, 0x43, 0x6C, 0xDD, 0x8F, 0x43,
  0xA9, 0x65, 0x67, 0x42, 0x7E, 0x6A, 0x0B, 0x43, 0xAF, 0x5F, 0x8D, 0x43, 0xA9, 0x65, 0x67, 0x42,
  0x00, 0x00, 0x4D, 0x7B, 0x63, 0xBB, 0xC1, 0xC9, 0xA7, 0xBD, 0x4A, 0x23, 0x7F, 0xBF, 0x00, 0x00,
  0xC8, 0x41, 0x5C, 0xED, 0x8B, 0x43, 0x41, 0xF1, 0x69, 0x42, 0x18, 0x0A, 0xC8, 0x42, 0xF4, 0x02,
  0x8E, 0x43, 0xCB, 0x86, 0x67, 0x42, 0x7E, 0x6A, 0x0B, 0x43, 0xAF, 0x5F, 0x8D, 0x43, 0xA9, 0x65,
  0x67, 0x42, 0x00, 0x00, 0x04, 0x24, 0x37, 0xBF, 0x73, 0x65, 0xF3, 0xBE, 0x7F, 0x17, 0x03, 0x3F,
  0x7E, 0x6A, 0x0B, 0x43, 0xAF, 0x5F, 0x8D, 0x43, 0xA9, 0x65, 0x67, 0x42, 0xB6, 0x05, 0x09, 0x43,
  0x0B, 0xD7, 0x8F, 0x43, 0x40, 0x56, 0x6C, 0x42, 0xEE, 0x1A, 0x08, 0x43, 0x6C, 0xDD, 0x8F, 0x43,
  0xA9, 0x65, 0x67, 0x42, 0x00, 0x00, 0x04, 0x24, 0x37, 0x3F, 0x73, 0x65, 0xF3, 0x3E, 0x7F, 0x17,
  0x03, 0xBF, 0xEE, 0x1A, 0x08, 0x43, 0x6C, 0xDD, 0x8F, 0x43, 0xA9, 0x65, 0x67, 0x42, 0xB6, 0x05,
  0x09, 0x43, 0x0B, 0xD7, 0x8F, 0x43, 0x40, 0x56, 0x6C, 0x42, 0x7E, 0x6A, 0x0B, 0x43, 0xAF, 0x5F,
  0x8D, 0x43, 0xA9, 0x65, 0x67, 0x42, 0x00, 0x00, 0x5C, 0xE9, 0x4A, 0x31, 0x3D, 0xD7, 0x10, 0xB0,
  0x00, 0x00, 0x80, 0x3F, 0xFE, 0xFF, 0xEF, 0x42, 0xA9, 0x1E, 0xE5, 0x42, 0xB5, 0x2C, 0x80, 0x43,
  0x01, 0x00, 0xF0, 0x42, 0x6E, 0xB5, 0xB5, 0x42, 0xB5, 0x2C, 0x80, 0x43, 0x06, 0x00, 0x02, 0x43,
  0xB7, 0x9A, 0x1C, 0x43, 0xB5, 0x2C, 0x80, 0x43, 0x00, 0x00, 0x9F, 0x9C, 0x65, 0x3C, 0x4D, 0xF0,
  0x8D, 0xBB, 0xF3, 0xF8, 0x7F, 0x3F, 0xCD, 0x7C, 0x8B, 0x42, 0x6F, 0xF0, 0x8A, 0x43, 0x8D, 0x52,
  0x7F, 0x43, 0xA7, 0xE9, 0x7D, 0x36, 0xEB, 0xA0, 0x90, 0x43, 0xB5, 0x2C, 0x80, 0x43, 0x2D, 0x19,
  0x2F, 0x41, 0x02, 0xDB, 0x88, 0x43, 0x74, 0x10, 0x80, 0x43, 0x00, 0x00, 0x62, 0x5A, 0x17, 0x3D,
  0xE1, 0xBF, 0x83, 0xBA, 0x36, 0xD3, 0x7F, 0x3F, 0xD3, 0x2E, 0xB9, 0x41, 0xD6, 0xC8, 0x61, 0x43,
  0x0A, 0xA1, 0x7F, 0x43, 0x2D, 0x19, 0x2F, 0x41, 0x02, 0xDB, 0x88, 0x43, 0x74, 0x10, 0x80, 0x43,
  0xDA, 0x16, 0x50, 0xB4, 0x6E, 0xB5, 0xB5, 0x42, 0xB5, 0x2C, 0x80, 0x43, 0x00, 0x00, 0xCA, 0x32,
  0xA5, 0x3C, 0x76, 0xB1, 0x2B, 0xB0, 0xAC, 0xF2, 0x7F, 0x3F, 0xDA, 0x16, 0x50, 0xB4, 0x6E, 0xB5,
  0xB5, 0x42, 0xB5, 0x2C, 0x80, 0x43, 0x2D, 0x19, 0x2F, 0x41, 0x02, 0xDB, 0x88, 0x43, 0x74, 0x10,
  0x80, 0x43, 0xA7, 0xE9, 0x7D, 0x36, 0xEB, 0xA0, 0x90, 0x43, 0xB5, 0x2C, 0x80, 0x43, 0x00, 0x00,
  0x79, 0xD0, 0xF5, 0xBD, 0x7A, 0xC8, 0x3A, 0x3C, 0xEE, 0x21, 0x7E, 0x3F, 0x06, 0x00, 0x02, 0x43,
  0xB7, 0x9A, 0x1C, 0x43, 0xB5, 0x2C, 0x80, 0x43, 0x87, 0x16, 0x0C, 0x43, 0x16, 0x68, 0x83, 0x43,
  0xB5, 0x2C, 0x80, 0x43, 0xEC, 0x45, 0x0C, 0x43, 0x38, 0xE4, 0x8A, 0x43, 0x91, 0x19, 0x80, 0x43,
  0x00, 0x00, 0x5A, 0xE5, 0x79, 0xAD, 0x7F, 0x33, 0x92, 0x2C, 0x00, 0x00, 0x80, 0x3F, 0xAE, 0xF1,
  0x2E, 0x43, 0x5D, 0xEF, 0x63, 0x43, 0xB5, 0x2C, 0x80, 0x43, 0x87, 0x16, 0x0C, 0x43, 0x16, 0x68,
  0x83, 0x43, 0xB5, 0x2C, 0x80, 0x43, 0x06, 0x00, 0x02, 0x43, 0xB7, 0x9A, 0x1C, 0x43, 0xB5, 0x2C,
  0x80, 0x43, 0x00, 0x00, 0x20, 0x8A, 0xA8, 0xBC, 0xBC, 0xDC, 0x76, 0xBC, 0xB0, 0xEA, 0x7F, 0x3F,
  0xD4, 0x96, 0x38, 0x43, 0xBB, 0x75, 0x8A, 0x43, 0x08, 0xDE, 0x7F, 0x43, 0x5A, 0x8B, 0x3C, 0x43,
  0x28, 0xFC, 0x5F, 0x43, 0x9F, 0x26, 0x7F, 0x43, 0x00, 0x00, 0x48, 0x43, 0x5B, 0xED, 0x8F, 0x43,
  0xB5, 0x2C, 0x80, 0x43, 0x00, 0x00, 0xB2, 0x15, 0xD5, 0xBD, 0x03, 0xA0, 0xED, 0xAE, 0x4F, 0x9C,
  0x7E, 0x3F, 0x00, 0x00, 0x48, 0x43, 0x5B, 0xED, 0x8F, 0x43, 0xB5, 0x2C, 0x80, 0x43, 0x5A, 0x8B,
  0x3C, 0x43, 0x28, 0xFC, 0x5F, 0x43, 0x9F, 0x26, 0x7F, 0x43, 0x00, 0x00, 0x48, 0x43, 0x6E, 0xB5,
  0xB5, 0x42, 0xB5, 0x2C, 0x80, 0x43, 0x00, 0x00, 0xDF, 0x5E, 0xF7, 0xA9, 0x53, 0xDA, 0x40, 0x2F,
  0x00, 0x00, 0x80, 0x3F, 0x06, 0x00, 0x02, 0x43, 0xB7, 0x9A, 0x1C, 0x43, 0xB5, 0x2C, 0x80, 0x43,
  0xF3, 0xFF, 0xA9, 0x42, 0xB8, 0x9A, 0x1C, 0x43, 0xB5, 0x2C, 0x80, 0x43, 0xFE, 0xFF, 0xEF, 0x42,
  0xA9, 0x1E, 0xE5, 0x42, 0xB5, 0x2C, 0x80, 0x43, 0x00, 0x00, 0xDE, 0x06, 0x08, 0xAF, 0x48, 0x6F,
  0x9F, 0x2E, 0x00, 0x00, 0x80, 0x3F, 0xFE, 0xFF, 0xEF, 0x42, 0xA9, 0x1E, 0xE5, 0x42, 0xB5, 0x2C,
  0x80, 0x43, 0xF3, 0xFF, 0xA9, 0x42, 0xB8, 0x9A, 0x1C, 0x43, 0xB5, 0x2C, 0x80, 0x43, 0xFF, 0xFF,
  0x9F, 0x42, 0x5C, 0xC1, 0xB5, 0x42, 0xB5, 0x2C, 0x80, 0x43, 0x00, 0x00, 0xDC, 0xBF, 0xFF, 0xAF,
  0x25, 0x4E, 0x2C, 0x3E, 0x8E, 0x59, 0x7C, 0x3F, 0x00, 0x00, 0x48, 0x43, 0x6E, 0xB5, 0xB5, 0x42,
  0xB5, 0x2C, 0x80, 0x43, 0x39, 0xD1, 0x21, 0x43, 0x1A, 0xF7, 0xB9, 0x42, 0x69, 0xFC, 0x7F, 0x43,
  0x01, 0x00, 0xF0, 0x42, 0x6E, 0xB5, 0xB5, 0x42, 0xB5, 0x2C, 0x80, 0x43, 0x00, 0x00, 0xCE, 0x71,
  0x0F, 0x3C, 0xE7, 0x88, 0xAE, 0xBA, 0x6E, 0xFD, 0x7F, 0x3F, 0x01, 0x00, 0xF0, 0x42, 0x6E, 0xB5,
  0xB5, 0x42, 0xB5, 0x2C, 0x80, 0x43, 0x39, 0xD1, 0x21, 0x43, 0x1A, 0xF7, 0xB9, 0x42, 0x69, 0xFC,
  0x7F, 0x43, 0x06, 0x00, 0x02, 0x43, 0xB7, 0x9A, 0x1C, 0x43, 0xB5, 0x2C, 0x80, 0x43, 0x00, 0x00,
  0xF4, 0x0C, 0x16, 0x3D, 0x00, 0x5D, 0x51, 0xBF, 0x48, 0x05, 0x13, 0xBF, 0x01, 0x00, 0xF0, 0x42,
  0x6E, 0xB5, 0xB5, 0x42, 0xB5, 0x2C, 0x80, 0x43, 0x8C, 0xD7, 0x17, 0x43, 0xF9, 0xA9, 0xBA, 0x42,
  0x28, 0xDA, 0x7E, 0x43, 0x39, 0xD1, 0x21, 0x43, 0x1A, 0xF7, 0xB9, 0x42, 0x69, 0xFC, 0x7F, 0x43,
  0x00, 0x00, 0xF4, 0x0C, 0x16, 0xBD, 0x00, 0x5D, 0x51, 0x3F, 0x48, 0x05, 0x13, 0x3F, 0x39, 0xD1,
  0x21, 0x43, 0x1A, 0xF7, 0xB9, 0x42, 0x69, 0xFC, 0x7F, 0x43, 0x8C, 0xD7, 0x17, 0x43, 0xF9, 0xA9,
  0xBA, 0x42, 0x28, 0xDA, 0x7E, 0x43, 0x01, 0x00, 0xF0, 0x42, 0x6E, 0xB5, 0xB5, 0x42, 0xB5, 0x2C,
  0x80, 0x43, 0x00, 0x00, 0x79, 0xFD, 0x9B, 0xBB, 0xF1, 0xA8, 0xC9, 0x3B, 0x04, 0xFE, 0x7F, 0x3F,
  0xDA, 0x16, 0x50, 0xB4, 0x6E, 0xB5, 0xB5, 0x42, 0xB5, 0x2C, 0x80, 0x43, 0xF3, 0xFF, 0xA9, 0x42,
  0xB8, 0x9A, 0x1C, 0x43, 0xB5, 0x2C, 0x80, 0x43, 0xD3, 0x2E, 0xB9, 0x41, 0xD6, 0xC8, 0x61, 0x43,
  0x0A, 0xA1, 0x7F, 0x43, 0x00, 0x00, 0x8C, 0x13, 0x85, 0x39, 0xD4, 0x09, 0xAC, 0xB9, 0xFF, 0xFF,
  0x7F, 0x3F, 0xDA, 0x16, 0x50, 0xB4, 0x6E, 0xB5, 0xB5, 0x42, 0xB5, 0x2C, 0x80, 0x43, 0x41, 0x32,
  0x27, 0x42, 0xF5, 0xDA, 0xB7, 0x42, 0x65, 0x2B, 0x80, 0x43, 0xF3, 0xFF, 0xA9, 0x42, 0xB8, 0x9A,
  0x1C, 0x43, 0xB5, 0x2C, 0x80, 0x43, 0x00, 0x00, 0x74, 0xCD, 0x25, 0xBB, 0x95, 0x80, 0x05, 0x3C,
  0x9D, 0xFD, 0x7F, 0x3F, 0xD3, 0x2E, 0xB9, 0x41, 0xD6, 0xC8, 0x61, 0x43, 0x0A, 0xA1, 0x7F, 0x43,
  0xF3, 0xFF, 0xA9, 0x42, 0xB8, 0x9A, 0x1C, 0x43, 0xB5, 0x2C, 0x80, 0x43, 0xCD, 0x7C, 0x8B, 0x42,
  0x6F, 0xF0, 0x8A, 0x43, 0x8D, 0x52, 0x7F, 0x43, 0x00, 0x00, 0xFE, 0x8E, 0xA5, 0x3B, 0x48, 0xA1,
  0x50, 0xBB, 0xD5, 0xFE, 0x7F, 0x3F, 0xAE, 0xF1, 0x2E, 0x43, 0x5D, 0xEF, 0x63, 0x43, 0xB5, 0x2C,
  0x80, 0x43, 0x06, 0x00, 0x02, 0x43, 0xB7, 0x9A, 0x1C, 0x43, 0xB5, 0x2C, 0x80, 0x43, 0x39, 0xD1,
  0x21, 0x43, 0x1A, 0xF7, 0xB9, 0x42, 0x69, 0xFC, 0x7F, 0x43, 0x00, 0x00, 0xB9, 0xBB, 0xBD, 0x3D,
  0x3C, 0xB8, 0x8A, 0x3C, 0xB7, 0xDC, 0x7E, 0x3F, 0x5A, 0x8B, 0x3C, 0x43, 0x28, 0xFC, 0x5F, 0x43,
  0x9F, 0x26, 0x7F, 0x43, 0xAE, 0xF1, 0x2E, 0x43, 0x5D, 0xEF, 0x63, 0x43, 0xB5, 0x2C, 0x80, 0x43,
  0x00, 0x00, 0x48, 0x43, 0x6E, 0xB5, 0xB5, 0x42, 0xB5, 0x2C, 0x80, 0x43, 0x00, 0x00, 0x63, 0x7C,
  0x1D, 0xBC, 0x06, 0x49, 0xE6, 0xBA, 0xDF, 0xFC, 0x7F, 0x3F, 0x00, 0x00, 0x48, 0x43, 0x6E, 0xB5,
  0xB5, 0x42, 0xB5, 0x2C, 0x80, 0x43, 0xAE, 0xF1, 0x2E, 0x43, 0x5D, 0xEF, 0x63, 0x43, 0xB5, 0x2C,
  0x80, 0x43, 0x39, 0xD1, 0x21, 0x43, 0x1A, 0xF7, 0xB9, 0x42, 0x69, 0xFC, 0x7F, 0x43, 0x00, 0x00,
  0xEA, 0x90, 0x31, 0x2A, 0x2E, 0x4E, 0x95, 0x35, 0x00, 0x00, 0x80, 0x3F, 0xF3, 0xFF, 0xA9, 0x42,
  0xB8, 0x9A, 0x1C, 0x43, 0xB5, 0x2C, 0x80, 0x43, 0x06, 0x00, 0x02, 0x43, 0xB7, 0x9A, 0x1C, 0x43,
  0xB5, 0x2C, 0x80, 0x43, 0x67, 0x70, 0xC9, 0x42, 0x94, 0xCB, 0x8F, 0x43, 0xB0, 0x2C, 0x80, 0x43,
  0x00, 0x00, 0x40, 0x86, 0xD8, 0xBA, 0x1D, 0x9F, 0xCC, 0xBD, 0xFB, 0xB7, 0x7E, 0x3F, 0xA7, 0xE9,
  0x7D, 0x36, 0xEB, 0xA0, 0x90, 0x43, 0xB5, 0x2C, 0x80, 0x43, 0xCD, 0x7C, 0x8B, 0x42, 0x6F, 0xF0,
  0x8A, 0x43, 0x8D, 0x52, 0x7F, 0x43, 0x67, 0x70, 0xC9, 0x42, 0x94, 0xCB, 0x8F, 0x43, 0xB0, 0x2C,
  0x80, 0x43, 0x00, 0x00, 0xD0, 0xFB, 0x0C, 0xBD, 0x56, 0x64, 0x87, 0x3B, 0x9C, 0xD8, 0x7F, 0x3F,
  0x67, 0x70, 0xC9, 0x42, 0x94, 0xCB, 0x8F, 0x43, 0xB0, 0x2C, 0x80, 0x43, 0xCD, 0x7C, 0x8B, 0x42,
  0x6F, 0xF0, 0x8A, 0x43, 0x8D, 0x52, 0x7F, 0x43, 0xF3, 0xFF, 0xA9, 0x42, 0xB8, 0x9A, 0x1C, 0x43,
  0xB5, 0x2C, 0x80, 0x43, 0x00, 0x00, 0x21, 0x7C, 0x8C, 0xB9, 0x75, 0xFD, 0xAA, 0x37, 0xFF, 0xFF,
  0x7F, 0x3F, 0xFF, 0xFF, 0x9F, 0x42, 0x5C, 0xC1, 0xB5, 0x42, 0xB5, 0x2C, 0x80, 0x43, 0xF3, 0xFF,
  0xA9, 0x42, 0xB8, 0x9A, 0x1C, 0x43, 0xB5, 0x2C, 0x80, 0x43, 0x41, 0x32, 0x27, 0x42, 0xF5, 0xDA,
  0xB7, 0x42, 0x65, 0x2B, 0x80, 0x43, 0x00, 0x00, 0x9F, 0x0A, 0x6A, 0xBB, 0x2C, 0x67, 0x7E, 0xBF,
  0x7A, 0x48, 0xE4, 0x3D, 0x67, 0x70, 0xC9, 0x42, 0x94, 0xCB, 0x8F, 0x43, 0xB0, 0x2C, 0x80, 0x43,
  0x5A, 0x84, 0x08, 0x43, 0xEB, 0xA5, 0x8F, 0x43, 0x87, 0xDF, 0x7E, 0x43, 0x42, 0xBE, 0x0B, 0x43,
  0x66, 0xB6, 0x8F, 0x43, 0xEC, 0x0F, 0x80, 0x43, 0x00, 0x00, 0xF1, 0x06, 0x83, 0x3B, 0x06, 0x9C,
  0x6A, 0x3A, 0x73, 0xFF, 0x7F, 0x3F, 0x06, 0x00, 0x02, 0x43, 0xB7, 0x9A, 0x1C, 0x43, 0xB5, 0x2C,
  0x80, 0x43, 0xEC, 0x45, 0x0C, 0x43, 0x38, 0xE4, 0x8A, 0x43, 0x91, 0x19, 0x80, 0x43, 0x67, 0x70,
  0xC9, 0x42, 0x94, 0xCB, 0x8F, 0x43, 0xB0, 0x2C, 0x80, 0x43, 0x00, 0x00, 0x43, 0xE7, 0x2B, 0x3D,
  0xD5, 0xEC, 0x1D, 0x3E, 0x7B, 0xB5, 0x7C, 0x3F, 0x67, 0x70, 0xC9, 0x42, 0x94, 0xCB, 0x8F, 0x43,
  0xB0, 0x2C, 0x80, 0x43, 0xEC, 0x45, 0x0C, 0x43, 0x38, 0xE4, 0x8A, 0x43, 0x91, 0x19, 0x80, 0x43,
  0x5A, 0x84, 0x08, 0x43, 0xEB, 0xA5, 0x8F, 0x43, 0x87, 0xDF, 0x7E, 0x43, 0x00, 0x00, 0xDF, 0x8E,
  0xD3, 0x3B, 0xA4, 0x8D, 0x59, 0xBD, 0x20, 0xA2, 0x7F, 0x3F, 0xD4, 0x96, 0x38, 0x43, 0xBB, 0x75,
  0x8A, 0x43, 0x08, 0xDE, 0x7F, 0x43, 0x00, 0x00, 0x48, 0x43, 0x5B, 0xED, 0x8F, 0x43, 0xB5, 0x2C,
  0x80, 0x43, 0xEC, 0x45, 0x0C, 0x43, 0x38, 0xE4, 0x8A, 0x43, 0x91, 0x19, 0x80, 0x43, 0x00, 0x00,
  0x7B, 0x1D, 0x78, 0xBB, 0x75, 0x37, 0xF9, 0x3B, 0xA3, 0xFD, 0x7F, 0x3F, 0xEC, 0x45, 0x0C, 0x43,
  0x38, 0xE4, 0x8A, 0x43, 0x91, 0x19, 0x80, 0x43, 0x00, 0x00, 0x48, 0x43, 0x5B, 0xED, 0x8F, 0x43,
  0xB5, 0x2C, 0x80, 0x43, 0x42, 0xBE, 0x0B, 0x43, 0x66, 0xB6, 0x8F, 0x43, 0xEC, 0x0F, 0x80, 0x43,
  0x00, 0x00, 0xF7, 0xF3, 0x63, 0xBD, 0x6F, 0x9A, 0x7F, 0xBF, 0x7C, 0xBB, 0x0A, 0xB7, 0x00, 0x00,
  0x48, 0x43, 0x70, 0xB5, 0xB5, 0x42, 0x6B, 0xD9, 0x7E, 0x43, 0x00, 0x00, 0x48, 0x43, 0x6E, 0xB5,
  0xB5, 0x42, 0xB5, 0x2C, 0x80, 0x43, 0x39, 0xD1, 0x21, 0x43, 0x1A, 0xF7, 0xB9, 0x42, 0x69, 0xFC,
  0x7F, 0x43, 0x00, 0x00, 0xB9, 0x81, 0x97, 0x3C, 0xCA, 0x59, 0x27, 0x3E, 0x85, 0x83, 0x7C, 0xBF,
  0x39, 0xD1, 0x21, 0x43, 0x1A, 0xF7, 0xB9, 0x42, 0x69, 0xFC, 0x7F, 0x43, 0x00, 0x00, 0x48, 0x43,
  0x6E, 0xB5, 0xB5, 0x42, 0xB5, 0x2C, 0x80, 0x43, 0x02, 0x00, 0xF0, 0x42, 0x6E, 0xB5, 0xB5, 0x42,
  0x6B, 0xD9, 0x7E, 0x43, 0x00, 0x00, 0x8B, 0xFA, 0x08, 0x31, 0x00, 0x00, 0x80, 0xBF, 0x16, 0xC8,
  0x85, 0x34, 0x02, 0x00, 0xF0, 0x42, 0x6E, 0xB5, 0xB5, 0x42, 0x6B, 0xD9, 0x7E, 0x43, 0x00, 0x00,
  0x48, 0x43, 0x6E, 0xB5, 0xB5, 0x42, 0xB5, 0x2C, 0x80, 0x43, 0x01, 0x00, 0xF0, 0x42, 0x6E, 0xB5,
  0xB5, 0x42, 0xB5, 0x2C, 0x80, 0x43, 0x00, 0x00, 0x00, 0x00, 0x80, 0x3F, 0xA8, 0xD0, 0xDE, 0x30,
  0x3C, 0x07, 0x17, 0x35, 0x00, 0x00, 0x48, 0x43, 0x5B, 0xED, 0x8F, 0x43, 0x6B, 0xD9, 0x7E, 0x43,
  0x00, 0x00, 0x48, 0x43, 0x5B, 0xED, 0x8F, 0x43, 0xB5, 0x2C, 0x80, 0x43, 0x00, 0x00, 0x48, 0x43,
  0x70, 0xB5, 0xB5, 0x42, 0x6B, 0xD9, 0x7E, 0x43, 0x00, 0x00, 0x00, 0x00, 0x80, 0x3F, 0xB4, 0xF8,
  0x41, 0x31, 0x73, 0x57, 0xD9, 0x34, 0x00, 0x00, 0x48, 0x43, 0x70, 0xB5, 0xB5, 0x42, 0x6B, 0xD9,
  0x7E, 0x43, 0x00, 0x00, 0x48, 0x43, 0x5B, 0xED, 0x8F, 0x43, 0xB5, 0x2C, 0x80, 0x43, 0x00, 0x00,
  0x48, 0x43, 0x6E, 0xB5, 0xB5, 0x42, 0xB5, 0x2C, 0x80, 0x43, 0x00, 0x00, 0x52, 0x78, 0xE9, 0xBB,
  0x56, 0xFE, 0x7F, 0x3F, 0xC7, 0xEB, 0x11, 0xB4, 0x00, 0x00, 0x48, 0x43, 0x5B, 0xED, 0x8F, 0x43,
  0xB5, 0x2C, 0x80, 0x43, 0x00, 0x00, 0x48, 0x43, 0x5B, 0xED, 0x8F, 0x43, 0x6B, 0xD9, 0x7E, 0x43,
  0x42, 0xBE, 0x0B, 0x43, 0x66, 0xB6, 0x8F, 0x43, 0xEC, 0x0F, 0x80, 0x43, 0x00, 0x00, 0xF9, 0xD0,
  0xDF, 0x3B, 0xC9, 0xFD, 0x4D, 0x3F, 0x0F, 0xFD, 0x17, 0x3F, 0x42, 0xBE, 0x0B, 0x43, 0x66, 0xB6,
  0x8F, 0x43, 0xEC, 0x0F, 0x80, 0x43, 0x00, 0x00, 0x48, 0x43, 0x5B, 0xED, 0x8F, 0x43, 0x6B, 0xD9,
  0x7E, 0x43, 0x67, 0x70, 0xC9, 0x42, 0x94, 0xCB, 0x8F, 0x43, 0xB0, 0x2C, 0x80, 0x43, 0x00, 0x00,
  0x67, 0x55, 0x07, 0xBC, 0xCB, 0x53, 0x6C, 0x3F, 0x8F, 0xC8, 0xC4, 0xBE, 0x67, 0x70, 0xC9, 0x42,
  0x94, 0xCB, 0x8F, 0x43, 0xB0, 0x2C, 0x80, 0x43, 0x00, 0x00, 0x48, 0x43, 0x5B, 0xED, 0x8F, 0x43,
  0x6B, 0xD9, 0x7E, 0x43, 0x5A, 0x84, 0x08, 0x43, 0xEB, 0xA5, 0x8F, 0x43, 0x87, 0xDF, 0x7E, 0x43,
  0x00, 0x00, 0x1A, 0xDD, 0x85, 0x3B, 0xD2, 0xBB, 0x7E, 0x3F, 0x75, 0x47, 0xCB, 0xBD, 0x67, 0x70,
  0xC9, 0x42, 0x94, 0xCB, 0x8F, 0x43, 0xB0, 0x2C, 0x80, 0x43, 0x5A, 0x84, 0x08, 0x43, 0xEB, 0xA5,
  0x8F, 0x43, 0x87, 0xDF, 0x7E, 0x43, 0x63, 0xF8, 0xCE, 0x35, 0x5B, 0xED, 0x8F, 0x43, 0x6B, 0xD9,
  0x7E, 0x43, 0x00, 0x00, 0x81, 0xFD, 0x45, 0x3C, 0x6C, 0xF5, 0x3A, 0x3F, 0xDC, 0xD9, 0x2E, 0xBF,
  0x67, 0x70, 0xC9, 0x42, 0x94, 0xCB, 0x8F, 0x43, 0xB0, 0x2C, 0x80, 0x43, 0x63, 0xF8, 0xCE, 0x35,
  0x5B, 0xED, 0x8F, 0x43, 0x6B, 0xD9, 0x7E, 0x43, 0xA7, 0xE9, 0x7D, 0x36, 0xEB, 0xA0, 0x90, 0x43,
  0xB5, 0x2C, 0x80, 0x43, 0x00, 0x00, 0x00, 0x00, 0x80, 0xBF, 0xF0, 0x33, 0xAC, 0x32, 0x43, 0x0E,
  0xC6, 0x35, 0xA7, 0xE9, 0x7D, 0x36, 0xEB, 0xA0, 0x90, 0x43, 0xB5, 0x2C, 0x80, 0x43, 0x63, 0xF8,
  0xCE, 0x35, 0x5B, 0xED, 0x8F, 0x43, 0x6B, 0xD9, 0x7E, 0x43, 0xDA, 0x16, 0x50, 0xB4, 0x6E, 0xB5,
  0xB5, 0x42, 0xB5, 0x2C, 0x80, 0x43, 0x00, 0x00, 0x00, 0x00, 0x80, 0xBF, 0xD3, 0xEB, 0xF9, 0x31,
  0x05, 0xDA, 0x58, 0xB4, 0xDA, 0x16, 0x50, 0xB4, 0x6E, 0xB5, 0xB5, 0x42, 0xB5, 0x2C, 0x80, 0x43,
  0x63, 0xF8, 0xCE, 0x35, 0x5B, 0xED, 0x8F, 0x43, 0x6B, 0xD9, 0x7E, 0x43, 0xB2, 0x5E, 0xEA, 0x33,
  0x70, 0xB5, 0xB5, 0x42, 0x6B, 0xD9, 0x7E, 0x43, 0x00, 0x00, 0xBB, 0x88, 0x00, 0xBD, 0xD3, 0xD7,
  0x7F, 0xBF, 0x4F, 0x57, 0x7E, 0x3C, 0xFF, 0xFF, 0x9F, 0x42, 0x6E, 0xB5, 0xB5, 0x42, 0x6B, 0xD9,
  0x7E, 0x43, 0xFF, 0xFF, 0x9F, 0x42, 0x5C, 0xC1, 0xB5, 0x42, 0xB5, 0x2C, 0x80, 0x43, 0xE9, 0x2E,
  0x19, 0x42, 0xED, 0x53, 0xB8, 0x42, 0x7C, 0xDA, 0x7E, 0x43, 0x00, 0x00, 0xC9, 0xE1, 0xDF, 0xBC,
  0x45, 0xC6, 0x7E, 0xBF, 0x2A, 0x2B, 0xC0, 0xBD, 0xE9, 0x2E, 0x19, 0x42, 0xED, 0x53, 0xB8, 0x42,
  0x7C, 0xDA, 0x7E, 0x43, 0xFF, 0xFF, 0x9F, 0x42, 0x5C, 0xC1, 0xB5, 0x42, 0xB5, 0x2C, 0x80, 0x43,
  0x41, 0x32, 0x27, 0x42, 0xF5, 0xDA, 0xB7, 0x42, 0x65, 0x2B, 0x80, 0x43, 0x00, 0x00, 0xE8, 0x3B,
  0x08, 0x3D, 0xD1, 0xCE, 0x78, 0xBF, 0xC3, 0x99, 0x6E, 0xBE, 0xE9, 0x2E, 0x19, 0x42, 0xED, 0x53,
  0xB8, 0x42, 0x7C, 0xDA, 0x7E, 0x43, 0x41, 0x32, 0x27, 0x42, 0xF5, 0xDA, 0xB7, 0x42, 0x65, 0x2B,
  0x80, 0x43, 0xB2, 0x5E, 0xEA, 0x33, 0x70, 0xB5, 0xB5, 0x42, 0x6B, 0xD9, 0x7E, 0x43, 0x00, 0x00,
  0xC8, 0x47, 0xD2, 0x3C, 0x68, 0xEA, 0x7F, 0xBF, 0x74, 0x0C, 0x05, 0xB7, 0xB2, 0x5E, 0xEA, 0x33,
  0x70, 0xB5, 0xB5, 0x42, 0x6B, 0xD9, 0x7E, 0x43, 0x41, 0x32, 0x27, 0x42, 0xF5, 0xDA, 0xB7, 0x42,
  0x65, 0x2B, 0x80, 0x43, 0xDA, 0x16, 0x50, 0xB4, 0x6E, 0xB5, 0xB5, 0x42, 0xB5, 0x2C, 0x80, 0x43,
  0x00, 0x00, 0x00, 0x00, 0x80, 0x3F, 0x4B, 0x82, 0x43, 0xB5, 0x70, 0x44, 0x5A, 0xB6, 0x01, 0x00,
  0xA0, 0x42, 0xA9, 0x1E, 0xE5, 0x42, 0x6B, 0xD9, 0x7E, 0x43, 0xFF, 0xFF, 0x9F, 0x42, 0x5C, 0xC1,
  0xB5, 0x42, 0xB5, 0x2C, 0x80, 0x43, 0xFF, 0xFF, 0x9F, 0x42, 0x6E, 0xB5, 0xB5, 0x42, 0x6B, 0xD9,
  0x7E, 0x43, 0x00, 0x00, 0x50, 0x7E, 0x0F, 0x34, 0x00, 0x00, 0x80, 0xBF, 0xF1, 0xE5, 0x46, 0xB6,
  0x00, 0x00, 0xF0, 0x42, 0xAA, 0x1E, 0xE5, 0x42, 0x6B, 0xD9, 0x7E, 0x43, 0xFE, 0xFF, 0xEF, 0x42,
  0xA9, 0x1E, 0xE5, 0x42, 0xB5, 0x2C, 0x80, 0x43, 0x01, 0x00, 0xA0, 0x42, 0xA9, 0x1E, 0xE5, 0x42,
  0x6B, 0xD9, 0x7E, 0x43, 0x00, 0x00, 0x22, 0x2F, 0x19, 0x3D, 0xC3, 0x5D, 0x81, 0xBD, 0x2F, 0x4F,
  0x7F, 0xBF, 0x01, 0x00, 0xA0, 0x42, 0xA9, 0x1E, 0xE5, 0x42, 0x6B, 0xD9, 0x7E, 0x43, 0xFE, 0xFF,
  0xEF, 0x42, 0xA9, 0x1E, 0xE5, 0x42, 0xB5, 0x2C, 0x80, 0x43, 0xFF, 0xFF, 0x9F, 0x42, 0x5C, 0xC1,
  0xB5, 0x42, 0xB5, 0x2C, 0x80, 0x43, 0x00, 0x00, 0x00, 0x00, 0x80, 0xBF, 0x24, 0x79, 0x12, 0xB5,
  0xED, 0x8C, 0x54, 0xB6, 0x02, 0x00, 0xF0, 0x42, 0x6E, 0xB5, 0xB5, 0x42, 0x6B, 0xD9, 0x7E, 0x43,
  0x01, 0x00, 0xF0, 0x42, 0x6E, 0xB5, 0xB5, 0x42, 0xB5, 0x2C, 0x80, 0x43, 0x00, 0x00, 0xF0, 0x42,
  0xAA, 0x1E, 0xE5, 0x42, 0x6B, 0xD9, 0x7E, 0x43, 0x00, 0x00, 0x00, 0x00, 0x80, 0xBF, 0xDD, 0xA4,
  0x87, 0xB5, 0x19, 0x6C, 0x30, 0xB7, 0x00, 0x00, 0xF0, 0x42, 0xAA, 0x1E, 0xE5, 0x42, 0x6B, 0xD9,
  0x7E, 0x43, 0x01, 0x00, 0xF0, 0x42, 0x6E, 0xB5, 0xB5, 0x42, 0xB5, 0x2C, 0x80, 0x43, 0xFE, 0xFF,
  0xEF, 0x42, 0xA9, 0x1E, 0xE5, 0x42, 0xB5, 0x2C, 0x80, 0x43, 0x00, 0x00, 0xE9, 0xFB, 0xBD, 0x38,
  0xFF, 0x55, 0x5B, 0x2F, 0x00, 0x00, 0x80, 0xBF, 0x00, 0x00, 0xF0, 0x42, 0xAA, 0x1E, 0xE5, 0x42,
  0x6B, 0xD9, 0x7E, 0x43, 0x8C, 0xD7, 0x17, 0x43, 0xF9, 0xA9, 0xBA, 0x42, 0x28, 0xDA, 0x7E, 0x43,
  0x02, 0x00, 0xF0, 0x42, 0x6E, 0xB5, 0xB5, 0x42, 0x6B, 0xD9, 0x7E, 0x43, 0x00, 0x00, 0xCE, 0xFA,
  0x12, 0x3E, 0x38, 0xB6, 0xB0, 0x3C, 0xFC, 0x49, 0x7D, 0xBF, 0x63, 0xF8, 0xCE, 0x35, 0x5B, 0xED,
  0x8F, 0x43, 0x6B, 0xD9, 0x7E, 0x43, 0x2D, 0x19, 0x2F, 0x41, 0x02, 0xDB, 0x88, 0x43, 0x74, 0x10,
  0x80, 0x43, 0x94, 0x58, 0x0D, 0x41, 0x7C, 0x12, 0x65, 0x43, 0x6B, 0xD9, 0x7E, 0x43, 0x00, 0x00,
  0x55, 0x11, 0x05, 0x32, 0xF2, 0x34, 0x3A, 0xB0, 0x00, 0x00, 0x80, 0xBF, 0x63, 0xF8, 0xCE, 0x35,
  0x5B, 0xED, 0x8F, 0x43, 0x6B, 0xD9, 0x7E, 0x43, 0x94, 0x58, 0x0D, 0x41, 0x7C, 0x12, 0x65, 0x43,
  0x6B, 0xD9, 0x7E, 0x43, 0xB2, 0x5E, 0xEA, 0x33, 0x70, 0xB5, 0xB5, 0x42, 0x6B, 0xD9, 0x7E, 0x43,
  0x00, 0x00, 0xCD, 0x97, 0x5B, 0x3D, 0x17, 0x90, 0x60, 0xBB, 0x5D, 0xA1, 0x7F, 0xBF, 0xB2, 0x5E,
  0xEA, 0x33, 0x70, 0xB5, 0xB5, 0x42, 0x6B, 0xD9, 0x7E, 0x43, 0x94, 0x58, 0x0D, 0x41, 0x7C, 0x12,
  0x65, 0x43, 0x6B, 0xD9, 0x7E, 0x43, 0xD3, 0x2E, 0xB9, 0x41, 0xD6, 0xC8, 0x61, 0x43, 0x0A, 0xA1,
  0x7F, 0x43, 0x00, 0x00, 0xD5, 0xAE, 0xE1, 0xBB, 0x2F, 0x4E, 0xC3, 0xBD, 0xC2, 0xD3, 0x7E, 0xBF,
  0x63, 0xF8, 0xCE, 0x35, 0x5B, 0xED, 0x8F, 0x43, 0x6B, 0xD9, 0x7E, 0x43, 0xCD, 0x7C, 0x8B, 0x42,
  0x6F, 0xF0, 0x8A, 0x43, 0x8D, 0x52, 0x7F, 0x43, 0x2D, 0x19, 0x2F, 0x41, 0x02, 0xDB, 0x88, 0x43,
  0x74, 0x10, 0x80, 0x43, 0x00, 0x00, 0xDF, 0x94, 0xD7, 0xBC, 0xF5, 0x27, 0xFE, 0xAF, 0x4E, 0xE9,
  0x7F, 0xBF, 0x00, 0x00, 0x48, 0x43, 0x70, 0xB5, 0xB5, 0x42, 0x6B, 0xD9, 0x7E, 0x43, 0x5A, 0x8B,
  0x3C, 0x43, 0x28, 0xFC, 0x5F, 0x43, 0x9F, 0x26, 0x7F, 0x43, 0x00, 0x00, 0x48, 0x43, 0x5B, 0xED,
  0x8F, 0x43, 0x6B, 0xD9, 0x7E, 0x43, 0x00, 0x00, 0x4B, 0xC5, 0x92, 0xBD, 0xB4, 0x70, 0x05, 0x3C,
  0x4F, 0x55, 0x7F, 0xBF, 0x00, 0x00, 0x48, 0x43, 0x5B, 0xED, 0x8F, 0x43, 0x6B, 0xD9, 0x7E, 0x43,
  0x5A, 0x8B, 0x3C, 0x43, 0x28, 0xFC, 0x5F, 0x43, 0x9F, 0x26, 0x7F, 0x43, 0xD4, 0x96, 0x38, 0x43,
  0xBB, 0x75, 0x8A, 0x43, 0x08, 0xDE, 0x7F, 0x43, 0x00, 0x00, 0x92, 0x56, 0xFC, 0x3E, 0xEA, 0xEC,
  0x96, 0x3D, 0xFF, 0xF2, 0x5D, 0xBF, 0x5A, 0x84, 0x08, 0x43, 0xEB, 0xA5, 0x8F, 0x43, 0x87, 0xDF,
  0x7E, 0x43, 0xEC, 0x45, 0x0C, 0x43, 0x38, 0xE4, 0x8A, 0x43, 0x91, 0x19, 0x80, 0x43, 0x0B, 0x26,
  0x0C, 0x43, 0x33, 0x5D, 0x83, 0x43, 0x6B, 0xD9, 0x7E, 0x43, 0x00, 0x00, 0x1C, 0xA8, 0xD7, 0x3B,
  0x80, 0x42, 0xE5, 0x39, 0x93, 0xFE, 0x7F, 0xBF, 0x0B, 0x26, 0x0C, 0x43, 0x33, 0x5D, 0x83, 0x43,
  0x6B, 0xD9, 0x7E, 0x43, 0x5A, 0x8B, 0x3C, 0x43, 0x28, 0xFC, 0x5F, 0x43, 0x9F, 0x26, 0x7F, 0x43,
  0x8C, 0xD7, 0x17, 0x43, 0xF9, 0xA9, 0xBA, 0x42, 0x28, 0xDA, 0x7E, 0x43, 0x00, 0x00, 0x3B, 0x0E,
  0x14, 0xBC, 0xB4, 0xF7, 0xA3, 0xBD, 0xF0, 0x2A, 0x7F, 0xBF, 0x00, 0x00, 0x48, 0x43, 0x5B, 0xED,
  0x8F, 0x43, 0x6B, 0xD9, 0x7E, 0x43, 0xD4, 0x96, 0x38, 0x43, 0xBB, 0x75, 0x8A, 0x43, 0x08, 0xDE,
  0x7F, 0x43, 0xEC, 0x45, 0x0C, 0x43, 0x38, 0xE4, 0x8A, 0x43, 0x91, 0x19, 0x80, 0x43, 0x00, 0x00,
  0x71, 0xEA, 0x5B, 0x3A, 0x69, 0x17, 0x0D, 0xBE, 0xE9, 0x8E, 0x7D, 0xBF, 0x00, 0x00, 0x48, 0x43,
  0x5B, 0xED, 0x8F, 0x43, 0x6B, 0xD9, 0x7E, 0x43, 0xEC, 0x45, 0x0C, 0x43, 0x38, 0xE4, 0x8A, 0x43,
  0x91, 0x19, 0x80, 0x43, 0x5A, 0x84, 0x08, 0x43, 0xEB, 0xA5, 0x8F, 0x43, 0x87, 0xDF, 0x7E, 0x43,
  0x00, 0x00, 0xFF, 0x1A, 0x0B, 0x39, 0x57, 0x57, 0x84, 0x38, 0x00, 0x00, 0x80, 0xBF, 0x01, 0x00,
  0xC8, 0x42, 0xB9, 0x9A, 0x1C, 0x43, 0x6B, 0xD9, 0x7E, 0x43, 0x8C, 0xD7, 0x17, 0x43, 0xF9, 0xA9,
  0xBA, 0x42, 0x28, 0xDA, 0x7E, 0x43, 0x00, 0x00, 0xF0, 0x42, 0xAA, 0x1E, 0xE5, 0x42, 0x6B, 0xD9,
  0x7E, 0x43, 0x00, 0x00, 0xA0, 0x76, 0xD1, 0xB8, 0xE7, 0x19, 0xF2, 0xAF, 0x00, 0x00, 0x80, 0xBF,
  0x01, 0x00, 0xA0, 0x42, 0xA9, 0x1E, 0xE5, 0x42, 0x6B, 0xD9, 0x7E, 0x43, 0xFF, 0xFF, 0x9F, 0x42,
  0x6E, 0xB5, 0xB5, 0x42, 0x6B, 0xD9, 0x7E, 0x43, 0xE9, 0x2E, 0x19, 0x42, 0xED, 0x53, 0xB8, 0x42,
  0x7C, 0xDA, 0x7E, 0x43, 0x00, 0x00, 0x9A, 0x6D, 0xA6, 0x2E, 0xB5, 0x1C, 0x3D, 0x2E, 0x00, 0x00,
  0x80, 0xBF, 0x00, 0x00, 0xF0, 0x42, 0xAA, 0x1E, 0xE5, 0x42, 0x6B, 0xD9, 0x7E, 0x43, 0x01, 0x00,
  0xA0, 0x42, 0xA9, 0x1E, 0xE5, 0x42, 0x6B, 0xD9, 0x7E, 0x43, 0x01, 0x00, 0xC8, 0x42, 0xB9, 0x9A,
  0x1C, 0x43, 0x6B, 0xD9, 0x7E, 0x43, 0x00, 0x00, 0x76, 0x7E, 0xA4, 0xB7, 0x87, 0x9E, 0x42, 0xBD,
  0xFB, 0xB5, 0x7F, 0xBF, 0xCD, 0x7C, 0x8B, 0x42, 0x6F, 0xF0, 0x8A, 0x43, 0x8D, 0x52, 0x7F, 0x43,
  0x63, 0xF8, 0xCE, 0x35, 0x5B, 0xED, 0x8F, 0x43, 0x6B, 0xD9, 0x7E, 0x43, 0x5A, 0x84, 0x08, 0x43,
  0xEB, 0xA5, 0x8F, 0x43, 0x87, 0xDF, 0x7E, 0x43, 0x00, 0x00, 0x18, 0x68, 0xE6, 0xBB, 0xA2, 0xB9,
  0x0C, 0x3B, 0x3B, 0xFE, 0x7F, 0xBF, 0xCD, 0x7C, 0x8B, 0x42, 0x6F, 0xF0, 0x8A, 0x43, 0x8D, 0x52,
  0x7F, 0x43, 0x5A, 0x84, 0x08, 0x43, 0xEB, 0xA5, 0x8F, 0x43, 0x87, 0xDF, 0x7E, 0x43, 0x01, 0x00,
  0xC8, 0x42, 0xB9, 0x9A, 0x1C, 0x43, 0x6B, 0xD9, 0x7E, 0x43, 0x00, 0x00, 0x90, 0x0F, 0x10, 0x3C,
  0xF4, 0x2B, 0x7F, 0xBF, 0xA7, 0xA0, 0xA3, 0x3D, 0x42, 0xBE, 0x0B, 0x43, 0x66, 0xB6, 0x8F, 0x43,
  0xEC, 0x0F, 0x80, 0x43, 0x5A, 0x84, 0x08, 0x43, 0xEB, 0xA5, 0x8F, 0x43, 0x87, 0xDF, 0x7E, 0x43,
  0x00, 0x00, 0x48, 0x43, 0x5B, 0xED, 0x8F, 0x43, 0x6B, 0xD9, 0x7E, 0x43, 0x00, 0x00, 0x90, 0x0F,
  0x10, 0xBC, 0xF4, 0x2B, 0x7F, 0x3F, 0xA7, 0xA0, 0xA3, 0xBD, 0x42, 0xBE, 0x0B, 0x43, 0x66, 0xB6,
  0x8F, 0x43, 0xEC, 0x0F, 0x80, 0x43, 0x00, 0x00, 0x48, 0x43, 0x5B, 0xED, 0x8F, 0x43, 0x6B, 0xD9,
  0x7E, 0x43, 0x5A, 0x84, 0x08, 0x43, 0xEB, 0xA5, 0x8F, 0x43, 0x87, 0xDF, 0x7E, 0x43, 0x00, 0x00,
  0xB5, 0x8A, 0x4D, 0xBC, 0xC4, 0x7A, 0x67, 0xBA, 0xD1, 0xFA, 0x7F, 0xBF, 0x0B, 0x26, 0x0C, 0x43,
  0x33, 0x5D, 0x83, 0x43, 0x6B, 0xD9, 0x7E, 0x43, 0x8C, 0xD7, 0x17, 0x43, 0xF9, 0xA9, 0xBA, 0x42,
  0x28, 0xDA, 0x7E, 0x43, 0x5A, 0x84, 0x08, 0x43, 0xEB, 0xA5, 0x8F, 0x43, 0x87, 0xDF, 0x7E, 0x43,
  0x00, 0x00, 0x11, 0xCA, 0x59, 0x39, 0xCE, 0xA3, 0x02, 0x39, 0x00, 0x00, 0x80, 0xBF, 0x5A, 0x84,
  0x08, 0x43, 0xEB, 0xA5, 0x8F, 0x43, 0x87, 0xDF, 0x7E, 0x43, 0x8C, 0xD7, 0x17, 0x43, 0xF9, 0xA9,
  0xBA, 0x42, 0x28, 0xDA, 0x7E, 0x43, 0x01, 0x00, 0xC8, 0x42, 0xB9, 0x9A, 0x1C, 0x43, 0x6B, 0xD9,
  0x7E, 0x43, 0x00, 0x00, 0x54, 0xAA, 0x0C, 0xB9, 0x4B, 0xD3, 0x85, 0x38, 0x00, 0x00, 0x80, 0xBF,
  0x01, 0x00, 0xC8, 0x42, 0xB9, 0x9A, 0x1C, 0x43, 0x6B, 0xD9, 0x7E, 0x43, 0x01, 0x00, 0xA0, 0x42,
  0xA9, 0x1E, 0xE5, 0x42, 0x6B, 0xD9, 0x7E, 0x43, 0xE9, 0x2E, 0x19, 0x42, 0xED, 0x53, 0xB8, 0x42,
  0x7C, 0xDA, 0x7E, 0x43, 0x00, 0x00, 0x88, 0x59, 0x57, 0xBB, 0x27, 0xF8, 0x49, 0x3B, 0x56, 0xFF,
  0x7F, 0xBF, 0x01, 0x00, 0xC8, 0x42, 0xB9, 0x9A, 0x1C, 0x43, 0x6B, 0xD9, 0x7E, 0x43, 0xE9, 0x2E,
  0x19, 0x42, 0xED, 0x53, 0xB8, 0x42, 0x7C, 0xDA, 0x7E, 0x43, 0xCD, 0x7C, 0x8B, 0x42, 0x6F, 0xF0,
  0x8A, 0x43, 0x8D, 0x52, 0x7F, 0x43, 0x00, 0x00, 0x28, 0x03, 0x62, 0x3D, 0xF7, 0x54, 0x35, 0xBF,
  0x3D, 0x27, 0x34, 0xBF, 0x02, 0x00, 0xF0, 0x42, 0x6E, 0xB5, 0xB5, 0x42, 0x6B, 0xD9, 0x7E, 0x43,
  0x8C, 0xD7, 0x17, 0x43, 0xF9, 0xA9, 0xBA, 0x42, 0x28, 0xDA, 0x7E, 0x43, 0x39, 0xD1, 0x21, 0x43,
  0x1A, 0xF7, 0xB9, 0x42, 0x69, 0xFC, 0x7F, 0x43, 0x00, 0x00, 0xDE, 0xA1, 0x6E, 0x38, 0x75, 0xC6,
  0x14, 0x3B, 0xD5, 0xFF, 0x7F, 0xBF, 0x8C, 0xD7, 0x17, 0x43, 0xF9, 0xA9, 0xBA, 0x42, 0x28, 0xDA,
  0x7E, 0x43, 0x5A, 0x8B, 0x3C, 0x43, 0x28, 0xFC, 0x5F, 0x43, 0x9F, 0x26, 0x7F, 0x43, 0x00, 0x00,
  0x48, 0x43, 0x70, 0xB5, 0xB5, 0x42, 0x6B, 0xD9, 0x7E, 0x43, 0x00, 0x00, 0x95, 0x42, 0x50, 0xBD,
  0x04, 0x0B, 0x7D, 0xBF, 0xC0, 0x31, 0x12, 0x3E, 0x8C, 0xD7, 0x17, 0x43, 0xF9, 0xA9, 0xBA, 0x42,
  0x28, 0xDA, 0x7E, 0x43, 0x00, 0x00, 0x48, 0x43, 0x70, 0xB5, 0xB5, 0x42, 0x6B, 0xD9, 0x7E, 0x43,
  0x39, 0xD1, 0x21, 0x43, 0x1A, 0xF7, 0xB9, 0x42, 0x69, 0xFC, 0x7F, 0x43, 0x00, 0x00, 0xB0, 0x29,
  0x84, 0xBC, 0xDA, 0x03, 0x0C, 0x3C, 0x14, 0xF5, 0x7F, 0xBF, 0xB2, 0x5E, 0xEA, 0x33, 0x70, 0xB5,
  0xB5, 0x42, 0x6B, 0xD9, 0x7E, 0x43, 0xD3, 0x2E, 0xB9, 0x41, 0xD6, 0xC8, 0x61, 0x43, 0x0A, 0xA1,
  0x7F, 0x43, 0xCD, 0x7C, 0x8B, 0x42, 0x6F, 0xF0, 0x8A, 0x43, 0x8D, 0x52, 0x7F, 0x43, 0x00, 0x00,
  0x58, 0x18, 0xBD, 0x37, 0x0E, 0x41, 0x25, 0x3B, 0xCB, 0xFF, 0x7F, 0xBF, 0xB2, 0x5E, 0xEA, 0x33,
  0x70, 0xB5, 0xB5, 0x42, 0x6B, 0xD9, 0x7E, 0x43, 0xCD, 0x7C, 0x8B, 0x42, 0x6F, 0xF0, 0x8A, 0x43,
  0x8D, 0x52, 0x7F, 0x43, 0xE9, 0x2E, 0x19, 0x42, 0xED, 0x53, 0xB8, 0x42, 0x7C, 0xDA, 0x7E, 0x43,
  0x00, 0x00, 0xF8, 0xE1, 0x76, 0x3D, 0x1A, 0xED, 0xD2, 0x3C, 0x14, 0x73, 0x7F, 0xBF, 0xD3, 0x2E,
  0xB9, 0x41, 0xD6, 0xC8, 0x61, 0x43, 0x0A, 0xA1, 0x7F, 0x43, 0x94, 0x58, 0x0D, 0x41, 0x7C, 0x12,
  0x65, 0x43, 0x6B, 0xD9, 0x7E, 0x43, 0x2D, 0x19, 0x2F, 0x41, 0x02, 0xDB, 0x88, 0x43, 0x74, 0x10,
  0x80, 0x43, 0x00, 0x00, 0x19, 0xC4, 0x7F, 0x3F, 0x0E, 0xBA, 0x43, 0xBC, 0xEE, 0x1C, 0x28, 0x3D,
  0xEC, 0x45, 0x0C, 0x43, 0x38, 0xE4, 0x8A, 0x43, 0x91, 0x19, 0x80, 0x43, 0x87, 0x16, 0x0C, 0x43,
  0x16, 0x68, 0x83, 0x43, 0xB5, 0x2C, 0x80, 0x43, 0x0B, 0x26, 0x0C, 0x43, 0x33, 0x5D, 0x83, 0x43,
  0x6B, 0xD9, 0x7E, 0x43, 0x00, 0x00, 0x92, 0x10, 0x35, 0x3F, 0x32, 0xF3, 0x34, 0x3F, 0xDD, 0x79,
  0x3C, 0xBC, 0x87, 0x16, 0x0C, 0x43, 0x16, 0x68, 0x83, 0x43, 0xB5, 0x2C, 0x80, 0x43, 0xAE, 0xF1,
  0x2E, 0x43, 0x5D, 0xEF, 0x63, 0x43, 0xB5, 0x2C, 0x80, 0x43, 0x0B, 0x26, 0x0C, 0x43, 0x33, 0x5D,
  0x83, 0x43, 0x6B, 0xD9, 0x7E, 0x43, 0x00, 0x00, 0x90, 0x72, 0x0D, 0x3E, 0x6D, 0x73, 0x38, 0x3E,
  0x40, 0x51, 0x79, 0x3F, 0x0B, 0x26, 0x0C, 0x43, 0x33, 0x5D, 0x83, 0x43, 0x6B, 0xD9, 0x7E, 0x43,
  0xAE, 0xF1, 0x2E, 0x43, 0x5D, 0xEF, 0x63, 0x43, 0xB5, 0x2C, 0x80, 0x43, 0x5A, 0x8B, 0x3C, 0x43,
  0x28, 0xFC, 0x5F, 0x43, 0x9F, 0x26, 0x7F, 0x43, 0x00, 0x00, 0x48, 0xE6, 0xB8, 0xBE, 0x82, 0xD4,
  0x4D, 0xBC, 0xBD, 0xB3, 0x6E, 0x3F, 0x5A, 0x84, 0x08, 0x43, 0xEB, 0xA5, 0x8F, 0x43, 0x87, 0xDF,
  0x7E, 0x43, 0xEC, 0x45, 0x0C, 0x43, 0x38, 0xE4, 0x8A, 0x43, 0x91, 0x19, 0x80, 0x43, 0x42, 0xBE,
  0x0B, 0x43, 0x66, 0xB6, 0x8F, 0x43, 0xEC, 0x0F, 0x80, 0x43, 0x00, 0x00, 0x8B, 0x2F, 0x42, 0x36,
  0x1D, 0x7F, 0xB2, 0x32, 0x00, 0x00, 0x80, 0x3F, 0x02, 0x00, 0xC0, 0x3F, 0x5B, 0xED, 0x8F, 0x43,
  0x6B, 0xD9, 0x7E, 0x43, 0x63, 0xF8, 0xCE, 0x35, 0x5B, 0xED, 0x8F, 0x43, 0x6B, 0xD9, 0x7E, 0x43,
  0x02, 0x00, 0xC0, 0x3F, 0x6F, 0xB5, 0xB5, 0x42, 0x6B, 0xD9, 0x7E, 0x43, 0x00, 0x00, 0xE6, 0x16,
  0x88, 0x34, 0xD0, 0x34, 0x3A, 0x30, 0x00, 0x00, 0x80, 0x3F, 0x02, 0x00, 0xC0, 0x3F, 0x6F, 0xB5,
  0xB5, 0x42, 0x6B, 0xD9, 0x7E, 0x43, 0x63, 0xF8, 0xCE, 0x35, 0x5B, 0xED, 0x8F, 0x43, 0x6B, 0xD9,
  0x7E, 0x43, 0xB2, 0x5E, 0xEA, 0x33, 0x70, 0xB5, 0xB5, 0x42, 0x6B, 0xD9, 0x7E, 0x43, 0x00, 0x00,
  0x13, 0x4B, 0x86, 0xB5, 0xDC, 0xFB, 0x7F, 0xBF, 0x02, 0x24, 0x38, 0x3C, 0x84, 0x57, 0x2A, 0x32,
  0x6F, 0xB5, 0xB5, 0x42, 0xA9, 0x65, 0x67, 0x42, 0x02, 0x00, 0xC0, 0x3F, 0x6F, 0xB5, 0xB5, 0x42,
  0xA9, 0x65, 0x67, 0x42, 0x2F, 0x78, 0xF0, 0x39, 0x79, 0x14, 0xB7, 0x42, 0xD8, 0xB2, 0xED, 0x42,
  0x00, 0x00, 0x3F, 0x6B, 0x91, 0xBE, 0x9A, 0x74, 0x75, 0xBF, 0xBA, 0xB2, 0x78, 0x3B, 0x2F, 0x78,
  0xF0, 0x39, 0x79, 0x14, 0xB7, 0x42, 0xD8, 0xB2, 0xED, 0x42, 0x02, 0x00, 0xC0, 0x3F, 0x6F, 0xB5,
  0xB5, 0x42, 0xA9, 0x65, 0x67, 0x42, 0x02, 0x00, 0xC0, 0x3F, 0x07, 0xC9, 0xB6, 0x42, 0x66, 0xD9,
  0x41, 0x43, 0x00, 0x00, 0x9B, 0x9A, 0x1E, 0x3E, 0x49, 0xE8, 0x7C, 0xBF, 0x88, 0x14, 0xA5, 0xBB,
  0x2F, 0x78, 0xF0, 0x39, 0x79, 0x14, 0xB7, 0x42, 0xD8, 0xB2, 0xED, 0x42, 0x02, 0x00, 0xC0, 0x3F,
  0x07, 0xC9, 0xB6, 0x42, 0x66, 0xD9, 0x41, 0x43, 0xB1, 0x28, 0xBD, 0x39, 0x8F, 0xB2, 0xB6, 0x42,
  0x6B, 0x59, 0x1C, 0x43, 0x00, 0x00, 0x1E, 0x75, 0x1B, 0xBD, 0x8C, 0xD0, 0x7F, 0xBF, 0xE4, 0x1B,
  0x30, 0x3B, 0xB1, 0x28, 0xBD, 0x39, 0x8F, 0xB2, 0xB6, 0x42, 0x6B, 0x59, 0x1C, 0x43, 0x02, 0x00,
  0xC0, 0x3F, 0x07, 0xC9, 0xB6, 0x42, 0x66, 0xD9, 0x41, 0x43, 0xD6, 0x9E, 0xDA, 0x39, 0x30, 0xE6,
  0xB6, 0x42, 0x6A, 0xD9, 0x41, 0x43, 0x00, 0x00, 0x23, 0x74, 0x1B, 0xBD, 0x3C, 0xCE, 0x7F, 0xBF,
  0xCD, 0x76, 0x10, 0xBC, 0xD6, 0x9E, 0xDA, 0x39, 0x30, 0xE6, 0xB6, 0x42, 0x6A, 0xD9, 0x41, 0x43,
  0x02, 0x00, 0xC0, 0x3F, 0x07, 0xC9, 0xB6, 0x42, 0x66, 0xD9, 0x41, 0x43, 0x02, 0x00, 0xC0, 0x3F,
  0x6F, 0xB5, 0xB5, 0x42, 0x6B, 0xD9, 0x7E, 0x43, 0x00, 0x00, 0x23, 0x64, 0xA8, 0xB6, 0xE1, 0xFC,
  0x7F, 0xBF, 0xB3, 0xDC, 0x1F, 0xBC, 0xD6, 0x9E, 0xDA, 0x39, 0x30, 0xE6, 0xB6, 0x42, 0x6A, 0xD9,
  0x41, 0x43, 0x02, 0x00, 0xC0, 0x3F, 0x6F, 0xB5, 0xB5, 0x42, 0x6B, 0xD9, 0x7E, 0x43, 0xB2, 0x5E,
  0xEA, 0x33, 0x70, 0xB5, 0xB5, 0x42, 0x6B, 0xD9, 0x7E, 0x43, 0x00, 0x00, 0x27, 0xA9, 0x83, 0x35,
  0xCE, 0x2B, 0x59, 0xB1, 0x00, 0x00, 0x80, 0xBF, 0x02, 0x00, 0xC0, 0x3F, 0x6F, 0xB5, 0xB5, 0x42,
  0xA9, 0x65, 0x67, 0x42, 0x84, 0x57, 0x2A, 0x32, 0x6F, 0xB5, 0xB5, 0x42, 0xA9, 0x65, 0x67, 0x42,
  0x02, 0x00, 0xC0, 0x3F, 0x5B, 0xED, 0x8F, 0x43, 0xA9, 0x65, 0x67, 0x42, 0x00, 0x00, 0x54, 0x9C,
  0xDF, 0x3E, 0x61, 0xEF, 0x59, 0xBB, 0xFF, 0x4A, 0x66, 0xBF, 0x02, 0x00, 0xC0, 0x3F, 0x5B, 0xED,
  0x8F, 0x43, 0xA9, 0x65, 0x67, 0x42, 0x84, 0x57, 0x2A, 0x32, 0x6F, 0xB5, 0xB5, 0x42, 0xA9, 0x65,
  0x67, 0x42, 0x0E, 0x02, 0xD1, 0x35, 0x5B, 0xED, 0x8F, 0x43, 0xF2, 0x7B, 0x64, 0x42, 0x00, 0x00,
  0xCB, 0x21, 0xA4, 0x35, 0x00, 0x00, 0x80, 0x3F, 0xF3, 0x4F, 0x16, 0xB3, 0x02, 0x00, 0xC0, 0x3F,
  0x5B, 0xED, 0x8F, 0x43, 0xA9, 0x65, 0x67, 0x42, 0x0E, 0x02, 0xD1, 0x35, 0x5B, 0xED, 0x8F, 0x43,
  0xF2, 0x7B, 0x64, 0x42, 0x02, 0x00, 0xC0, 0x3F, 0x5B, 0xED, 0x8F, 0x43, 0x21, 0x0F, 0x0C, 0x43,
  0x00, 0x00, 0xD1, 0xE1, 0x24, 0xBE, 0x93, 0xA8, 0x7C, 0x3F, 0x33, 0xD9, 0x3E, 0x3B, 0x02, 0x00,
  0xC0, 0x3F, 0x5B, 0xED, 0x8F, 0x43, 0x21, 0x0F, 0x0C, 0x43, 0x0E, 0x02, 0xD1, 0x35, 0x5B, 0xED,
  0x8F, 0x43, 0xF2, 0x7B, 0x64, 0x42, 0xE4, 0x16, 0xF2, 0x39, 0xE3, 0xC7, 0x8F, 0x43, 0x6B, 0x59,
  0x1C, 0x43, 0x00, 0x00, 0xAB, 0x2E, 0x44, 0xBE, 0x06, 0x42, 0x7B, 0x3F, 0x6E, 0x30, 0xDB, 0x33,
  0x02, 0x00, 0xC0, 0x3F, 0x5B, 0xED, 0x8F, 0x43, 0x21, 0x0F, 0x0C, 0x43, 0xE4, 0x16, 0xF2, 0x39,
  0xE3, 0xC7, 0x8F, 0x43, 0x6B, 0x59, 0x1C, 0x43, 0x02, 0x00, 0xC0, 0x3F, 0x5B, 0xED, 0x8F, 0x43,
  0xDC, 0xD9, 0x2A, 0x43, 0x00, 0x00, 0x67, 0x2E, 0x44, 0xBE, 0x09, 0x42, 0x7B, 0x3F, 0xCC, 0x6F,
  0xE9, 0xB1, 0x02, 0x00, 0xC0, 0x3F, 0x5B, 0xED, 0x8F, 0x43, 0xDC, 0xD9, 0x2A, 0x43, 0xE4, 0x16,
  0xF2, 0x39, 0xE3, 0xC7, 0x8F, 0x43, 0x6B, 0x59, 0x1C, 0x43, 0x02, 0x00, 0xC0, 0x3F, 0x5B, 0xED,
  0x8F, 0x43, 0x6B, 0xD9, 0x7E, 0x43, 0x00, 0x00, 0xFD, 0x05, 0x2B, 0x35, 0xB6, 0xFF, 0x7F, 0x3F,
  0x3D, 0xC0, 0x42, 0xBB, 0x02, 0x00, 0xC0, 0x3F, 0x5B, 0xED, 0x8F, 0x43, 0x6B, 0xD9, 0x7E, 0x43,
  0xE4, 0x16, 0xF2, 0x39, 0xE3, 0xC7, 0x8F, 0x43, 0x6B, 0x59, 0x1C, 0x43, 0x63, 0xF8, 0xCE, 0x35,
  0x5B, 0xED, 0x8F, 0x43, 0x6B, 0xD9, 0x7E, 0x43, 0x00, 0x00, 0x00, 0x00, 0x80, 0x3F, 0x51, 0x42,
  0xB7, 0xAA, 0xDB, 0x7E, 0xAE, 0xAD, 0x02, 0x00, 0xC0, 0x3F, 0x5B, 0xED, 0x8F, 0x43, 0xDC, 0xD9,
  0x2A, 0x43, 0x02, 0x00, 0xC0, 0x3F, 0xFB, 0x89, 0x1C, 0x43, 0x0A, 0x68, 0x13, 0x43, 0x02, 0x00,
  0xC0, 0x3F, 0x5C, 0xED, 0x8D, 0x43, 0x6A, 0x59, 0x1C, 0x43, 0x00, 0x00, 0x08, 0x2B, 0x7F, 0x3F,
  0x59, 0x1A, 0x37, 0xBC, 0x65, 0x60, 0xA3, 0xBD, 0xC4, 0x48, 0xBD, 0x3F, 0x3D, 0xC6, 0x1C, 0x43,
  0x03, 0xF3, 0x3C, 0x43, 0xA8, 0xA3, 0x09, 0x3D, 0xB9, 0x9A, 0x1C, 0x43, 0x7C, 0xEA, 0x2A, 0x43,
  0x02, 0x00, 0xC0, 0x3F, 0x5B, 0xED, 0x8F, 0x43, 0xDC, 0xD9, 0x2A, 0x43, 0x00, 0x00, 0x60, 0x1D,
  0x78, 0x3F, 0xFB, 0xA6, 0x7B, 0xBE, 0x80, 0x03, 0x84, 0xBC, 0x02, 0x00, 0xC0, 0x3F, 0x5C, 0xED,
  0x8D, 0x43, 0xD5, 0xB2, 0xED, 0x42, 0xEF, 0x61, 0x85, 0x3D, 0x03, 0x25, 0x8B, 0x43, 0x03, 0xD8,
  0xEA, 0x42, 0x02, 0x00, 0xC0, 0x3F, 0x5B, 0xED, 0x8F, 0x43, 0xA9, 0x65, 0x67, 0x42, 0x00, 0x00,
  0x77, 0x78, 0x24, 0x3F, 0x03, 0xDA, 0xFB, 0x3C, 0xE4, 0x04, 0x44, 0xBF, 0x02, 0x00, 0xC0, 0x3F,
  0x5C, 0xED, 0x8D, 0x43, 0xD5, 0xB2, 0xED, 0x42, 0xA2, 0x61, 0x92, 0x3F, 0x52, 0x5E, 0x83, 0x43,
  0x9B, 0x67, 0xEB, 0x42, 0xEF, 0x61, 0x85, 0x3D, 0x03, 0x25, 0x8B, 0x43, 0x03, 0xD8, 0xEA, 0x42,
  0x00, 0x00, 0x10, 0xE2, 0x7F, 0x3F, 0x85, 0xD8, 0xB5, 0xBC, 0x80, 0x06, 0xA8, 0x3C, 0x02, 0x00,
  0xC0, 0x3F, 0x5B, 0xED, 0x8F, 0x43, 0xA9, 0x65, 0x67, 0x42, 0xEF, 0x61, 0x85, 0x3D, 0x03, 0x25,
  0x8B, 0x43, 0x03, 0xD8, 0xEA, 0x42, 0xF8, 0x93, 0x6E, 0x3F, 0x19, 0x53, 0x88, 0x43, 0xF4, 0x26,
  0x8A, 0x42, 0x00, 0x00, 0x76, 0xD4, 0x7F, 0x3F, 0xFB, 0x50, 0xF4, 0x3A, 0x45, 0x16, 0x15, 0x3D,
  0xB0, 0x7C, 0x5F, 0x3F, 0x7F, 0xBD, 0x64, 0x43, 0x70, 0x01, 0x88, 0x42, 0xD5, 0x5B, 0xA9, 0x3E,
  0x30, 0xF7, 0x63, 0x43, 0xDB, 0xDB, 0xA5, 0x42, 0x02, 0x00, 0xC0, 0x3F, 0x6F, 0xB5, 0xB5, 0x42,
  0xA9, 0x65, 0x67, 0x42, 0x00, 0x00, 0xDD, 0xB6, 0x7F, 0x3F, 0x25, 0x70, 0x23, 0xBB, 0x15, 0x2F,
  0x41, 0x3D, 0x02, 0x00, 0xC0, 0x3F, 0x5B, 0xED, 0x8F, 0x43, 0xA9, 0x65, 0x67, 0x42, 0xF8, 0x93,
  0x6E, 0x3F, 0x19, 0x53, 0x88, 0x43, 0xF4, 0x26, 0x8A, 0x42, 0xB0, 0x7C, 0x5F, 0x3F, 0x7F, 0xBD,
  0x64, 0x43, 0x70, 0x01, 0x88, 0x42, 0x00, 0x00, 0x67, 0x83, 0x7F, 0x3F, 0x8B, 0x73, 0x59, 0x2F,
  0xE3, 0x74, 0x7C, 0x3D, 0x02, 0x00, 0xC0, 0x3F, 0x5B, 0xED, 0x8F, 0x43, 0xA9, 0x65, 0x67, 0x42,
  0xB0, 0x7C, 0x5F, 0x3F, 0x7F, 0xBD, 0x64, 0x43, 0x70, 0x01, 0x88, 0x42, 0x02, 0x00, 0xC0, 0x3F,
  0x6F, 0xB5, 0xB5, 0x42, 0xA9, 0x65, 0x67, 0x42, 0x00, 0x00, 0x00, 0x00, 0x80, 0x3F, 0x5F, 0xC2,
  0x95, 0xB0, 0x80, 0xA8, 0x42, 0xAF, 0x02, 0x00, 0xC0, 0x3F, 0x5B, 0xED, 0x8F, 0x43, 0x6B, 0xD9,
  0x7E, 0x43, 0x02, 0x00, 0xC0, 0x3F, 0x5C, 0xED, 0x8D, 0x43, 0x6A, 0xD9, 0x41, 0x43, 0x02, 0x00,
  0xC0, 0x3F, 0x5B, 0xED, 0x8F, 0x43, 0xDC, 0xD9, 0x2A, 0x43, 0x00, 0x00, 0x90, 0xF7, 0x7F, 0x3F,
  0xC1, 0x9C, 0x18, 0x3C, 0x9B, 0x12, 0x56, 0x3C, 0x9E, 0x19, 0xFE, 0x3F, 0xE4, 0xC8, 0xB6, 0x42,
  0x0D, 0xB9, 0x1C, 0x43, 0x02, 0x00, 0xC0, 0x3F, 0xFB, 0x89, 0x1C, 0x43, 0x0A, 0x68, 0x13, 0x43,
  0x02, 0x00, 0xC0, 0x3F, 0x07, 0xC9, 0xB6, 0x42, 0x66, 0xD9, 0x41, 0x43, 0x00, 0x00, 0x00, 0x00,
  0x80, 0x3F, 0xDA, 0xF5, 0x99, 0xAF, 0xEC, 0xB1, 0x84, 0x2D, 0x02, 0x00, 0xC0, 0x3F, 0x6F, 0xB5,
  0xB5, 0x42, 0xA9, 0x65, 0x67, 0x42, 0x02, 0x00, 0xC0, 0x3F, 0x6E, 0xB5, 0xBD, 0x42, 0xD4, 0xB2,
  0xED, 0x42, 0x02, 0x00, 0xC0, 0x3F, 0x07, 0xC9, 0xB6, 0x42, 0x66, 0xD9, 0x41, 0x43, 0x00, 0x00,
  0x00, 0x00, 0x80, 0x3F, 0x44, 0x74, 0x20, 0xAD, 0x32, 0xB1, 0xF2, 0x2D, 0x02, 0x00, 0xC0, 0x3F,
  0x07, 0xC9, 0xB6, 0x42, 0x66, 0xD9, 0x41, 0x43, 0x02, 0x00, 0xC0, 0x3F, 0x6E, 0xB5, 0xBD, 0x42,
  0xD4, 0xB2, 0xED, 0x42, 0x02, 0x00, 0xC0, 0x3F, 0xFB, 0x89, 0x1C, 0x43, 0x0A, 0x68, 0x13, 0x43,
  0x00, 0x00, 0x90, 0xF7, 0x7F, 0xBF, 0xC1, 0x9C, 0x18, 0xBC, 0x9B, 0x12, 0x56, 0xBC, 0x02, 0x00,
  0xC0, 0x3F, 0x07, 0xC9, 0xB6, 0x42, 0x66, 0xD9, 0x41, 0x43, 0x02, 0x00, 0xC0, 0x3F, 0xFB, 0x89,
  0x1C, 0x43, 0x0A, 0x68, 0x13, 0x43, 0x9E, 0x19, 0xFE, 0x3F, 0xE4, 0xC8, 0xB6, 0x42, 0x0D, 0xB9,
  0x1C, 0x43, 0x00, 0x00, 0xB7, 0x7C, 0x7F, 0x3F, 0xF4, 0x2D, 0x36, 0xBC, 0xD8, 0x19, 0x7F, 0x3D,
  0x02, 0x00, 0xC0, 0x3F, 0xFB, 0x89, 0x1C, 0x43, 0x0A, 0x68, 0x13, 0x43, 0x02, 0x00, 0xC0, 0x3F,
  0x5B, 0xED, 0x8F, 0x43, 0xDC, 0xD9, 0x2A, 0x43, 0xA8, 0xA3, 0x09, 0x3D, 0xB9, 0x9A, 0x1C, 0x43,
  0x7C, 0xEA, 0x2A, 0x43, 0x00, 0x00, 0x14, 0xC6, 0x7F, 0x3F, 0x03, 0x40, 0x80, 0x3C, 0x45, 0xC8,
  0x1F, 0xBD, 0xD5, 0x5B, 0xA9, 0x3E, 0x30, 0xF7, 0x63, 0x43, 0xDB, 0xDB, 0xA5, 0x42, 0xA2, 0x61,
  0x92, 0x3F, 0x52, 0x5E, 0x83, 0x43, 0x9B, 0x67, 0xEB, 0x42, 0x02, 0x00, 0xC0, 0x3F, 0x6F, 0xB5,
  0xB5, 0x42, 0xA9, 0x65, 0x67, 0x42, 0x00, 0x00, 0x9C, 0xFF, 0x7F, 0x3F, 0x14, 0x7F, 0x36, 0x3B,
  0x90, 0xD9, 0x05, 0xBB, 0x02, 0x00, 0xC0, 0x3F, 0x6F, 0xB5, 0xB5, 0x42, 0xA9, 0x65, 0x67, 0x42,
  0xA2, 0x61, 0x92, 0x3F, 0x52, 0x5E, 0x83, 0x43, 0x9B, 0x67, 0xEB, 0x42, 0x02, 0x00, 0xC0, 0x3F,
  0xFB, 0x89, 0x1C, 0x43, 0x0A, 0x68, 0x13, 0x43, 0x00, 0x00, 0x00, 0x00, 0x80, 0x3F, 0xE4, 0x9B,
  0xBB, 0x2C, 0x08, 0x4D, 0x7F, 0xAC, 0x02, 0x00, 0xC0, 0x3F, 0x6F, 0xB5, 0xB5, 0x42, 0xA9, 0x65,
  0x67, 0x42, 0x02, 0x00, 0xC0, 0x3F, 0xFB, 0x89, 0x1C, 0x43, 0x0A, 0x68, 0x13, 0x43, 0x02, 0x00,
  0xC0, 0x3F, 0x6E, 0xB5, 0xBD, 0x42, 0xD4, 0xB2, 0xED, 0x42, 0x00, 0x00, 0x62, 0x16, 0x5B, 0xBF,
  0xA2, 0x0E, 0xE6, 0x3C, 0x1C, 0x3B, 0x04, 0x3F, 0x02, 0x00, 0xC0, 0x3F, 0x5C, 0xED, 0x8D, 0x43,
  0x6A, 0xD9, 0x41, 0x43, 0x73, 0xC7, 0xF5, 0x3B, 0x24, 0x15, 0x8A, 0x43, 0x63, 0xCB, 0x3F, 0x43,
  0x02, 0x00, 0xC0, 0x3F, 0x32, 0x5D, 0x83, 0x43, 0x76, 0xFF, 0x42, 0x43, 0x00, 0x00, 0xC8, 0x94,
  0x7F, 0x3F, 0xC1, 0xB3, 0x69, 0xBD, 0xCE, 0x31, 0x75, 0x3B, 0x02, 0x00, 0xC0, 0x3F, 0x5B, 0xED,
  0x8F, 0x43, 0x6B, 0xD9, 0x7E, 0x43, 0xD2, 0x66, 0x64, 0x3F, 0x2E, 0x2C, 0x8A, 0x43, 0xDC, 0x85,
  0x71, 0x43, 0x02, 0x00, 0xC0, 0x3F, 0x5C, 0xED, 0x8D, 0x43, 0x6A, 0xD9, 0x41, 0x43, 0x00, 0x00,
  0x96, 0x7C, 0x7B, 0x3F, 0xF6, 0xA8, 0x3E, 0xBE, 0x7E, 0xA6, 0x89, 0xBC, 0x02, 0x00, 0xC0, 0x3F,
  0x5C, 0xED, 0x8D, 0x43, 0x6A, 0xD9, 0x41, 0x43, 0xD2, 0x66, 0x64, 0x3F, 0x2E, 0x2C, 0x8A, 0x43,
  0xDC, 0x85, 0x71, 0x43, 0x73, 0xC7, 0xF5, 0x3B, 0x24, 0x15, 0x8A, 0x43, 0x63, 0xCB, 0x3F, 0x43,
  0x00, 0x00, 0x00, 0x00, 0x80, 0x3F, 0xF1, 0x3B, 0xA7, 0xAE, 0xCE, 0x3B, 0x48, 0xB0, 0x02, 0x00,
  0xC0, 0x3F, 0x6F, 0xB5, 0xB5, 0x42, 0x6B, 0xD9, 0x7E, 0x43, 0x02, 0x00, 0xC0, 0x3F, 0x9B, 0x42,
  0x5F, 0x43, 0x4F, 0xAF, 0x71, 0x43, 0x02, 0x00, 0xC0, 0x3F, 0x5B, 0xED, 0x8F, 0x43, 0x6B, 0xD9,
  0x7E, 0x43, 0x00, 0x00, 0xAF, 0x97, 0x7F, 0x3F, 0x14, 0x88, 0x38, 0x3C, 0x33, 0x5C, 0x62, 0xBD,
  0x02, 0x00, 0xC0, 0x3F, 0x5B, 0xED, 0x8F, 0x43, 0x6B, 0xD9, 0x7E, 0x43, 0x02, 0x00, 0xC0, 0x3F,
  0x9B, 0x42, 0x5F, 0x43, 0x4F, 0xAF, 0x71, 0x43, 0xD2, 0x66, 0x64, 0x3F, 0x2E, 0x2C, 0x8A, 0x43,
  0xDC, 0x85, 0x71, 0x43, 0x00, 0x00, 0xFF, 0xFF, 0x7F, 0x3F, 0x5C, 0x17, 0x15, 0xB8, 0xF6, 0x70,
  0xBB, 0xB9, 0xC4, 0x48, 0xBD, 0x3F, 0x3D, 0xC6, 0x1C, 0x43, 0x03, 0xF3, 0x3C, 0x43, 0x02, 0x00,
  0xC0, 0x3F, 0x9B, 0x42, 0x5F, 0x43, 0x4F, 0xAF, 0x71, 0x43, 0x02, 0x00, 0xC0, 0x3F, 0x6F, 0xB5,
  0xB5, 0x42, 0x6B, 0xD9, 0x7E, 0x43, 0x00, 0x00, 0xFF, 0xFF, 0x7F, 0x3F, 0x1F, 0x4F, 0x48, 0xB9,
  0x10, 0x56, 0x29, 0xB9, 0x02, 0x00, 0xC0, 0x3F, 0x32, 0x5D, 0x83, 0x43, 0x76, 0xFF, 0x42, 0x43,
  0x02, 0x00, 0xC0, 0x3F, 0x9B, 0x42, 0x5F, 0x43, 0x4F, 0xAF, 0x71, 0x43, 0xC4, 0x48, 0xBD, 0x3F,
  0x3D, 0xC6, 0x1C, 0x43, 0x03, 0xF3, 0x3C, 0x43, 0x00, 0x00, 0xE5, 0xFF, 0x7F, 0x3F, 0xCC, 0xDA,
  0xCC, 0xB8, 0x84, 0x7D, 0xEB, 0xBA, 0xC4, 0x48, 0xBD, 0x3F, 0x3D, 0xC6, 0x1C, 0x43, 0x03, 0xF3,
  0x3C, 0x43, 0x02, 0x00, 0xC0, 0x3F, 0x5C, 0xED, 0x8D, 0x43, 0x6A, 0xD9, 0x41, 0x43, 0x02, 0x00,
  0xC0, 0x3F, 0x32, 0x5D, 0x83, 0x43, 0x76, 0xFF, 0x42, 0x43, 0x00, 0x00, 0xFF, 0xFF, 0x7F, 0x3F,
  0xF5, 0x3F, 0xAA, 0x39, 0xB5, 0x4A, 0x40, 0x36, 0x02, 0x00, 0xC0, 0x3F, 0x6F, 0xB5, 0xB5, 0x42,
  0x6B, 0xD9, 0x7E, 0x43, 0x02, 0x00, 0xC0, 0x3F, 0x07, 0xC9, 0xB6, 0x42, 0x66, 0xD9, 0x41, 0x43,
  0xC4, 0x48, 0xBD, 0x3F, 0x3D, 0xC6, 0x1C, 0x43, 0x03, 0xF3, 0x3C, 0x43, 0x00, 0x00, 0x00, 0x00,
  0x80, 0x3F, 0x10, 0xE7, 0x2D, 0xB9, 0xF0, 0xF7, 0xF1, 0xB7, 0x02, 0x00, 0xC0, 0x3F, 0x5C, 0xED,
  0x8D, 0x43, 0x6A, 0xD9, 0x41, 0x43, 0xC4, 0x48, 0xBD, 0x3F, 0x3D, 0xC6, 0x1C, 0x43, 0x03, 0xF3,
  0x3C, 0x43, 0x02, 0x00, 0xC0, 0x3F, 0x5B, 0xED, 0x8F, 0x43, 0xDC, 0xD9, 0x2A, 0x43, 0x00, 0x00,
  0x00, 0x00, 0x80, 0x3F, 0xB4, 0x42, 0x00, 0xAE, 0x39, 0x0F, 0x51, 0xAD, 0x02, 0x00, 0xC0, 0x3F,
  0x5B, 0xED, 0x8F, 0x43, 0xDC, 0xD9, 0x2A, 0x43, 0x02, 0x00, 0xC0, 0x3F, 0x5C, 0xED, 0x8D, 0x43,
  0x6A, 0x59, 0x1C, 0x43, 0x02, 0x00, 0xC0, 0x3F, 0x5B, 0xED, 0x8F, 0x43, 0x21, 0x0F, 0x0C, 0x43,
  0x00, 0x00, 0x00, 0x00, 0x80, 0x3F, 0x47, 0xED, 0xBF, 0xAB, 0x3D, 0xF3, 0xB1, 0xAC, 0x02, 0x00,
  0xC0, 0x3F, 0x5C, 0xED, 0x8D, 0x43, 0x6A, 0x59, 0x1C, 0x43, 0x02, 0x00, 0xC0, 0x3F, 0xFB, 0x89,
  0x1C, 0x43, 0x0A, 0x68, 0x13, 0x43, 0x02, 0x00, 0xC0, 0x3F, 0x5B, 0xED, 0x8F, 0x43, 0x21, 0x0F,
  0x0C, 0x43, 0x00, 0x00, 0xFD, 0xFF, 0x7F, 0x3F, 0xC3, 0x1F, 0xBE, 0x39, 0x7C, 0x58, 0x05, 0x3A,
  0x02, 0x00, 0xC0, 0x3F, 0xFB, 0x89, 0x1C, 0x43, 0x0A, 0x68, 0x13, 0x43, 0xC4, 0x48, 0xBD, 0x3F,
  0x3D, 0xC6, 0x1C, 0x43, 0x03, 0xF3, 0x3C, 0x43, 0x02, 0x00, 0xC0, 0x3F, 0x07, 0xC9, 0xB6, 0x42,
  0x66, 0xD9, 0x41, 0x43, 0x00, 0x00, 0x15, 0x82, 0x7F, 0x3F, 0x35, 0x2E, 0x5E, 0xBC, 0x97, 0xA2,
  0x77, 0xBD, 0x02, 0x00, 0xC0, 0x3F, 0xFB, 0x89, 0x1C, 0x43, 0x0A, 0x68, 0x13, 0x43, 0xA2, 0x61,
  0x92, 0x3F, 0x52, 0x5E, 0x83, 0x43, 0x9B, 0x67, 0xEB, 0x42, 0x02, 0x00, 0xC0, 0x3F, 0x5C, 0xED,
  0x8D, 0x43, 0xD5, 0xB2, 0xED, 0x42, 0x00, 0x00, 0x00, 0x00, 0x80, 0x3F, 0xB1, 0x14, 0x71, 0xAB,
  0xCC, 0x03, 0x8D, 0x2C, 0x02, 0x00, 0xC0, 0x3F, 0xFB, 0x89, 0x1C, 0x43, 0x0A, 0x68, 0x13, 0x43,
  0x02, 0x00, 0xC0, 0x3F, 0x5C, 0xED, 0x8D, 0x43, 0xD5, 0xB2, 0xED, 0x42, 0x02, 0x00, 0xC0, 0x3F,
  0x5B, 0xED, 0x8F, 0x43, 0x21, 0x0F, 0x0C, 0x43, 0x00, 0x00, 0x00, 0x00, 0x80, 0x3F, 0x95, 0x0E,
  0x91, 0x2E, 0x93, 0x2F, 0x17, 0xAD, 0x02, 0x00, 0xC0, 0x3F, 0x5B, 0xED, 0x8F, 0x43, 0x21, 0x0F,
  0x0C, 0x43, 0x02, 0x00, 0xC0, 0x3F, 0x5C, 0xED, 0x8D, 0x43, 0xD5, 0xB2, 0xED, 0x42, 0x02, 0x00,
  0xC0, 0x3F, 0x5B, 0xED, 0x8F, 0x43, 0xA9, 0x65, 0x67, 0x42, 0x00, 0x00, 0x45, 0xD3, 0x7F, 0xBF,
  0x4C, 0xE5, 0x12, 0x3C, 0x3D, 0xC8, 0x12, 0xBD, 0xD5, 0x5B, 0xA9, 0x3E, 0x30, 0xF7, 0x63, 0x43,
  0xDB, 0xDB, 0xA5, 0x42, 0xB0, 0x7C, 0x5F, 0x3F, 0x7F, 0xBD, 0x64, 0x43, 0x70, 0x01, 0x88, 0x42,
  0x84, 0x57, 0x2A, 0x32, 0x6F, 0xB5, 0xB5, 0x42, 0xA9, 0x65, 0x67, 0x42, 0x00, 0x00, 0x77, 0x25,
  0x7F, 0xBF, 0x78, 0x25, 0x9E, 0x39, 0x1C, 0x1C, 0xA7, 0x3D, 0x84, 0x57, 0x2A, 0x32, 0x6F, 0xB5,
  0xB5, 0x42, 0xA9, 0x65, 0x67, 0x42, 0xB0, 0x7C, 0x5F, 0x3F, 0x7F, 0xBD, 0x64, 0x43, 0x70, 0x01,
  0x88, 0x42, 0x0E, 0x02, 0xD1, 0x35, 0x5B, 0xED, 0x8F, 0x43, 0xF2, 0x7B, 0x64, 0x42, 0x00, 0x00,
  0x44, 0x3D, 0x7F, 0xBF, 0xB7, 0xB0, 0x0E, 0xBA, 0xF8, 0xC1, 0x9D, 0x3D, 0x0E, 0x02, 0xD1, 0x35,
  0x5B, 0xED, 0x8F, 0x43, 0xF2, 0x7B, 0x64, 0x42, 0xB0, 0x7C, 0x5F, 0x3F, 0x7F, 0xBD, 0x64, 0x43,
  0x70, 0x01, 0x88, 0x42, 0xF8, 0x93, 0x6E, 0x3F, 0x19, 0x53, 0x88, 0x43, 0xF4, 0x26, 0x8A, 0x42,
  0x00, 0x00, 0x46, 0xA8, 0x1E, 0xBF, 0x59, 0xD9, 0x69, 0xBD, 0x11, 0x60, 0x48, 0xBF, 0xEF, 0x61,
  0x85, 0x3D, 0x03, 0x25, 0x8B, 0x43, 0x03, 0xD8, 0xEA, 0x42, 0xA2, 0x61, 0x92, 0x3F, 0x52, 0x5E,
  0x83, 0x43, 0x9B, 0x67, 0xEB, 0x42, 0x82, 0x07, 0x65, 0x2F, 0xB8, 0x9A, 0x1C, 0x43, 0xD3, 0xB2,
  0xFC, 0x42, 0x00, 0x00, 0xFD, 0xFF, 0x7F, 0xBF, 0x59, 0x33, 0x24, 0xBA, 0x91, 0xA0, 0x3C, 0xB6,
  0xE4, 0x16, 0xF2, 0x39, 0xE3, 0xC7, 0x8F, 0x43, 0x6B, 0x59, 0x1C, 0x43, 0x73, 0xC7, 0xF5, 0x3B,
  0x24, 0x15, 0x8A, 0x43, 0x63, 0xCB, 0x3F, 0x43, 0x63, 0xF8, 0xCE, 0x35, 0x5B, 0xED, 0x8F, 0x43,
  0x6B, 0xD9, 0x7E, 0x43, 0x00, 0x00, 0xFF, 0xFF, 0x7F, 0xBF, 0xC0, 0x2F, 0x7B, 0xB9, 0x73, 0xEF,
  0xFE, 0x38, 0x73, 0xC7, 0xF5, 0x3B, 0x24, 0x15, 0x8A, 0x43, 0x63, 0xCB, 0x3F, 0x43, 0xE4, 0x16,
  0xF2, 0x39, 0xE3, 0xC7, 0x8F, 0x43, 0x6B, 0x59, 0x1C, 0x43, 0xA8, 0xA3, 0x09, 0x3D, 0xB9, 0x9A,
  0x1C, 0x43, 0x7C, 0xEA, 0x2A, 0x43, 0x00, 0x00, 0x70, 0xFE, 0x7F, 0xBF, 0x9F, 0x5A, 0xE2, 0xBB,
  0x3E, 0x08, 0x84, 0xB7, 0x0E, 0x02, 0xD1, 0x35, 0x5B, 0xED, 0x8F, 0x43, 0xF2, 0x7B, 0x64, 0x42,
  0xEF, 0x61, 0x85, 0x3D, 0x03, 0x25, 0x8B, 0x43, 0x03, 0xD8, 0xEA, 0x42, 0xE4, 0x16, 0xF2, 0x39,
  0xE3, 0xC7, 0x8F, 0x43, 0x6B, 0x59, 0x1C, 0x43, 0x00, 0x00, 0x21, 0x61, 0x7F, 0xBF, 0xB1, 0x14,
  0x8D, 0xBD, 0xF2, 0x60, 0x21, 0xBC, 0xEF, 0x61, 0x85, 0x3D, 0x03, 0x25, 0x8B, 0x43, 0x03, 0xD8,
  0xEA, 0x42, 0x0E, 0x02, 0xD1, 0x35, 0x5B, 0xED, 0x8F, 0x43, 0xF2, 0x7B, 0x64, 0x42, 0xF8, 0x93,
  0x6E, 0x3F, 0x19, 0x53, 0x88, 0x43, 0xF4, 0x26, 0x8A, 0x42, 0x00, 0x00, 0x75, 0x25, 0x7F, 0xBF,
  0xAD, 0xF4, 0x7D, 0x3C, 0x13, 0x12, 0xA4, 0xBD, 0xD2, 0x66, 0x64, 0x3F, 0x2E, 0x2C, 0x8A, 0x43,
  0xDC, 0x85, 0x71, 0x43, 0xBB, 0x8C, 0x3A, 0xB1, 0xE9, 0x57, 0x5D, 0x43, 0x11, 0xFB, 0x71, 0x43,
  0x63, 0xF8, 0xCE, 0x35, 0x5B, 0xED, 0x8F, 0x43, 0x6B, 0xD9, 0x7E, 0x43, 0x00, 0x00, 0x00, 0x00,
  0x80, 0xBF, 0xD4, 0xEB, 0xF9, 0x31, 0x33, 0x0E, 0xB1, 0x33, 0x63, 0xF8, 0xCE, 0x35, 0x5B, 0xED,
  0x8F, 0x43, 0x6B, 0xD9, 0x7E, 0x43, 0xBB, 0x8C, 0x3A, 0xB1, 0xE9, 0x57, 0x5D, 0x43, 0x11, 0xFB,
  0x71, 0x43, 0xB2, 0x5E, 0xEA, 0x33, 0x70, 0xB5, 0xB5, 0x42, 0x6B, 0xD9, 0x7E, 0x43, 0x00, 0x00,
  0x88, 0xB9, 0x7E, 0xBF, 0xF5, 0xC9, 0xC8, 0xBD, 0x9E, 0xEB, 0x93, 0x3C, 0x73, 0xC7, 0xF5, 0x3B,
  0x24, 0x15, 0x8A, 0x43, 0x63, 0xCB, 0x3F, 0x43, 0xD2, 0x66, 0x64, 0x3F, 0x2E, 0x2C, 0x8A, 0x43,
  0xDC, 0x85, 0x71, 0x43, 0x63, 0xF8, 0xCE, 0x35, 0x5B, 0xED, 0x8F, 0x43, 0x6B, 0xD9, 0x7E, 0x43,
  0x00, 0x00, 0xEA, 0xFF, 0x7F, 0xBF, 0x80, 0xA2, 0xDF, 0xB9, 0x88, 0x6B, 0xCC, 0xBA, 0xE4, 0x16,
  0xF2, 0x39, 0xE3, 0xC7, 0x8F, 0x43, 0x6B, 0x59, 0x1C, 0x43, 0xEF, 0x61, 0x85, 0x3D, 0x03, 0x25,
  0x8B, 0x43, 0x03, 0xD8, 0xEA, 0x42, 0xA8, 0xA3, 0x09, 0x3D, 0xB9, 0x9A, 0x1C, 0x43, 0x7C, 0xEA,
  0x2A, 0x43, 0x00, 0x00, 0xF8, 0xFF, 0x7F, 0xBF, 0x4C, 0xCE, 0x1A, 0x3A, 0x22, 0xA8, 0x45, 0x3A,
  0xA8, 0xA3, 0x09, 0x3D, 0xB9, 0x9A, 0x1C, 0x43, 0x7C, 0xEA, 0x2A, 0x43, 0xEF, 0x61, 0x85, 0x3D,
  0x03, 0x25, 0x8B, 0x43, 0x03, 0xD8, 0xEA, 0x42, 0x82, 0x07, 0x65, 0x2F, 0xB8, 0x9A, 0x1C, 0x43,
  0xD3, 0xB2, 0xFC, 0x42, 0x00, 0x00, 0xFA, 0xFF, 0x7F, 0xBF, 0xD3, 0xD6, 0xB2, 0x39, 0x25, 0xA8,
  0x45, 0x3A, 0xA8, 0xA3, 0x09, 0x3D, 0xB9, 0x9A, 0x1C, 0x43, 0x7C, 0xEA, 0x2A, 0x43, 0x82, 0x07,
  0x65, 0x2F, 0xB8, 0x9A, 0x1C, 0x43, 0xD3, 0xB2, 0xFC, 0x42, 0xB1, 0x28, 0xBD, 0x39, 0x8F, 0xB2,
  0xB6, 0x42, 0x6B, 0x59, 0x1C, 0x43, 0x00, 0x00, 0x00, 0x00, 0x80, 0xBF, 0x15, 0x93, 0x8A, 0xB7,
  0xFB, 0xA2, 0x2F, 0xB9, 0xB2, 0x5E, 0xEA, 0x33, 0x70, 0xB5, 0xB5, 0x42, 0x6B, 0xD9, 0x7E, 0x43,
  0xBB, 0x8C, 0x3A, 0xB1, 0xE9, 0x57, 0x5D, 0x43, 0x11, 0xFB, 0x71, 0x43, 0x73, 0xC7, 0xF5, 0x3B,
  0x24, 0x15, 0x8A, 0x43, 0x63, 0xCB, 0x3F, 0x43, 0x00, 0x00, 0xFE, 0xFF, 0x7F, 0xBF, 0x5A, 0xE4,
  0x08, 0xB9, 0x88, 0xC2, 0x03, 0xBA, 0xB2, 0x5E, 0xEA, 0x33, 0x70, 0xB5, 0xB5, 0x42, 0x6B, 0xD9,
  0x7E, 0x43, 0x73, 0xC7, 0xF5, 0x3B, 0x24, 0x15, 0x8A, 0x43, 0x63, 0xCB, 0x3F, 0x43, 0xA8, 0xA3,
  0x09, 0x3D, 0xB9, 0x9A, 0x1C, 0x43, 0x7C, 0xEA, 0x2A, 0x43, 0x00, 0x00, 0xFE, 0xFF, 0x7F, 0xBF,
  0x78, 0x59, 0x05, 0x3A, 0x4A, 0x0B, 0xFB, 0xB5, 0xB2, 0x5E, 0xEA, 0x33, 0x70, 0xB5, 0xB5, 0x42,
  0x6B, 0xD9, 0x7E, 0x43, 0xA8, 0xA3, 0x09, 0x3D, 0xB9, 0x9A, 0x1C, 0x43, 0x7C, 0xEA, 0x2A, 0x43,
  0xD6, 0x9E, 0xDA, 0x39, 0x30, 0xE6, 0xB6, 0x42, 0x6A, 0xD9, 0x41, 0x43, 0x00, 0x00, 0x49, 0x27,
  0x7F, 0xBF, 0xBD, 0x79, 0x68, 0xBC, 0x5B, 0xDB, 0xA3, 0x3D, 0xC4, 0x48, 0xBD, 0x3F, 0x3D, 0xC6,
  0x1C, 0x43, 0x03, 0xF3, 0x3C, 0x43, 0x73, 0xC7, 0xF5, 0x3B, 0x24, 0x15, 0x8A, 0x43, 0x63, 0xCB,
  0x3F, 0x43, 0xA8, 0xA3, 0x09, 0x3D, 0xB9, 0x9A, 0x1C, 0x43, 0x7C, 0xEA, 0x2A, 0x43, 0x00, 0x00,
  0x49, 0x27, 0x7F, 0x3F, 0xBD, 0x79, 0x68, 0x3C, 0x5B, 0xDB, 0xA3, 0xBD, 0xC4, 0x48, 0xBD, 0x3F,
  0x3D, 0xC6, 0x1C, 0x43, 0x03, 0xF3, 0x3C, 0x43, 0xA8, 0xA3, 0x09, 0x3D, 0xB9, 0x9A, 0x1C, 0x43,
  0x7C, 0xEA, 0x2A, 0x43, 0x73, 0xC7, 0xF5, 0x3B, 0x24, 0x15, 0x8A, 0x43, 0x63, 0xCB, 0x3F, 0x43,
  0x00, 0x00, 0x0D, 0xF7, 0x7F, 0xBF, 0x76, 0x11, 0x40, 0x3C, 0x50, 0xDE, 0x3E, 0x3C, 0x82, 0x07,
  0x65, 0x2F, 0xB8, 0x9A, 0x1C, 0x43, 0xD3, 0xB2, 0xFC, 0x42, 0xA2, 0x61, 0x92, 0x3F, 0x52, 0x5E,
  0x83, 0x43, 0x9B, 0x67, 0xEB, 0x42, 0xD5, 0x5B, 0xA9, 0x3E, 0x30, 0xF7, 0x63, 0x43, 0xDB, 0xDB,
  0xA5, 0x42, 0x00, 0x00, 0x76, 0xFF, 0x7F, 0xBF, 0x25, 0xC6, 0x3F, 0x3B, 0x38, 0x13, 0x38, 0xBB,
  0x82, 0x07, 0x65, 0x2F, 0xB8, 0x9A, 0x1C, 0x43, 0xD3, 0xB2, 0xFC, 0x42, 0xD5, 0x5B, 0xA9, 0x3E,
  0x30, 0xF7, 0x63, 0x43, 0xDB, 0xDB, 0xA5, 0x42, 0x84, 0x57, 0x2A, 0x32, 0x6F, 0xB5, 0xB5, 0x42,
  0xA9, 0x65, 0x67, 0x42, 0x00, 0x00, 0xFE, 0xFF, 0x7F, 0xBF, 0xB0, 0x88, 0x05, 0x3A, 0xE5, 0x2C,
  0x0A, 0x34, 0xD6, 0x9E, 0xDA, 0x39, 0x30, 0xE6, 0xB6, 0x42, 0x6A, 0xD9, 0x41, 0x43, 0xA8, 0xA3,
  0x09, 0x3D, 0xB9, 0x9A, 0x1C, 0x43, 0x7C, 0xEA, 0x2A, 0x43, 0xB1, 0x28, 0xBD, 0x39, 0x8F, 0xB2,
  0xB6, 0x42, 0x6B, 0x59, 0x1C, 0x43, 0x00, 0x00, 0x00, 0x00, 0x80, 0xBF, 0xF0, 0x4E, 0xE2, 0xB6,
  0xC1, 0x72, 0x31, 0xB6, 0x2F, 0x78, 0xF0, 0x39, 0x79, 0x14, 0xB7, 0x42, 0xD8, 0xB2, 0xED, 0x42,
  0xB1, 0x28, 0xBD, 0x39, 0x8F, 0xB2, 0xB6, 0x42, 0x6B, 0x59, 0x1C, 0x43, 0x82, 0x07, 0x65, 0x2F,
  0xB8, 0x9A, 0x1C, 0x43, 0xD3, 0xB2, 0xFC, 0x42, 0x00, 0x00, 0x00, 0x00, 0x80, 0xBF, 0x17, 0xFB,
  0x04, 0xB7, 0x95, 0x47, 0xFF, 0x36, 0x84, 0x57, 0x2A, 0x32, 0x6F, 0xB5, 0xB5, 0x42, 0xA9, 0x65,
  0x67, 0x42, 0x2F, 0x78, 0xF0, 0x39, 0x79, 0x14, 0xB7, 0x42, 0xD8, 0xB2, 0xED, 0x42, 0x82, 0x07,
  0x65, 0x2F, 0xB8, 0x9A, 0x1C, 0x43, 0xD3, 0xB2, 0xFC, 0x42, 0x00, 0x00, 0x71, 0xB9, 0x3F, 0xBE,
  0x49, 0x6B, 0xA8, 0xBB, 0x2D, 0x78, 0x7B, 0xBF, 0xD2, 0x66, 0x64, 0x3F, 0x2E, 0x2C, 0x8A, 0x43,
  0xDC, 0x85, 0x71, 0x43, 0x02, 0x00, 0xC0, 0x3F, 0x9B, 0x42, 0x5F, 0x43, 0x4F, 0xAF, 0x71, 0x43,
  0xBB, 0x8C, 0x3A, 0xB1, 0xE9, 0x57, 0x5D, 0x43, 0x11, 0xFB, 0x71, 0x43, 0x00, 0x00, 0xD1, 0xA0,
  0x25, 0xBF, 0x1F, 0x12, 0x15, 0x3F, 0x90, 0x0A, 0xFC, 0x3E, 0x02, 0x00, 0xC0, 0x3F, 0x9B, 0x42,
  0x5F, 0x43, 0x4F, 0xAF, 0x71, 0x43, 0x02, 0x00, 0xC0, 0x3F, 0x32, 0x5D, 0x83, 0x43, 0x76, 0xFF,
  0x42, 0x43, 0xBB, 0x8C, 0x3A, 0xB1, 0xE9, 0x57, 0x5D, 0x43, 0x11, 0xFB, 0x71, 0x43, 0x00, 0x00,
  0x46, 0xE2, 0x79, 0x3F, 0xB7, 0x29, 0x16, 0x3E, 0xAC, 0x2E, 0x24, 0x3E, 0xBB, 0x8C, 0x3A, 0xB1,
  0xE9, 0x57, 0x5D, 0x43, 0x11, 0xFB, 0x71, 0x43, 0x02, 0x00, 0xC0, 0x3F, 0x32, 0x5D, 0x83, 0x43,
  0x76, 0xFF, 0x42, 0x43, 0x73, 0xC7, 0xF5, 0x3B, 0x24, 0x15, 0x8A, 0x43, 0x63, 0xCB, 0x3F, 0x43,
  0x00, 0x00, 0x9C, 0xC8, 0x3E, 0xBD, 0xD0, 0xB7, 0x7F, 0x3F, 0x2A, 0x3E, 0xBA, 0xBB, 0x02, 0x00,
  0xC0, 0x3F, 0xFB, 0x89, 0x1C, 0x43, 0x0A, 0x68, 0x13, 0x43, 0xA8, 0xA3, 0x09, 0x3D, 0xB9, 0x9A,
  0x1C, 0x43, 0x7C, 0xEA, 0x2A, 0x43, 0xC4, 0x48, 0xBD, 0x3F, 0x3D, 0xC6, 0x1C, 0x43, 0x03, 0xF3,
  0x3C, 0x43, 0x00, 0x00
};